City,Street,Lat,Long,Region,Partner,Bonus,Materials
Абакан,"Республика Хакасия, г Абакан, ул Чапаева, 32","53,4234","91,26364",Республика Хакасия,Шоколадница,80 баллов за 1 кг,Пластик; Бумага
Ангарск,"Иркутская область, г Ангарск, ул Макаренко, 44","52,566996","103,89953",Иркутская область,Шоколадница,80 баллов за 1 кг,Пластик; Бумага
Архангельск,"Архангельская область, г Архангельск, ул Белогорская, 1",64,40,Архангельская область,Шоколадница,80 баллов за 1 кг,Пластик; Бумага
Архангельск,"Архангельская область, г Архангельск, ул Тимме, 2","64,3222","40,3434",Архангельская область,Шоколадница,80 баллов за 1 кг,Пластик; Бумага
Астрахань,"Астраханская область, г Астрахань, ул Аэропортовское шоссе, 1","47,9969","46,2908",Астраханская область,Шоколадница,80 баллов за 1 кг,Пластик; Бумага
Астрахань,"Астраханская область, г Астрахань, ул Жилая, 14",46,48,Астраханская область,Шоколадница,80 баллов за 1 кг,Пластик; Бумага
Астрахань,"Астраханская область, г Астрахань, ул Моздокская, 63","48,0214","46,3275",Астраханская область,Шоколадница,80 баллов за 1 кг,Пластик; Бумага
Астрахань,"Астраханская область, г Астрахань, ул Советская, 30","48,0453","46,3486",Астраханская область,Шоколадница,80 баллов за 1 кг,Пластик; Бумага
Ачинск,"Красноярский край, г Ачинск, ул Кирова, 56","56,3069","90,5319",Красноярский край,Шоколадница,80 баллов за 1 кг,Пластик; Бумага
Барнаул,"Алтайский край, г Барнаул, пр-кт Ленина, 152","53,3831","83,7497",Алтайский край,Шоколадница,80 баллов за 1 кг,Пластик; Бумага
Барнаул,"Алтайский край, г Барнаул, пр-кт Ленина, 98","53,3597","83,7644",Алтайский край,Шоколадница,80 баллов за 1 кг,Пластик; Бумага
Барнаул,"Алтайский край, г Барнаул, тракт Павловский, 243","53,203029","83,415869",Алтайский край,Шоколадница,80 баллов за 1 кг,Пластик; Бумага
Барнаул,"Алтайский край, г Барнаул, ул Водопроводная, 2","53,2222","83,4836",Алтайский край,Шоколадница,80 баллов за 1 кг,Пластик; Бумага
Барнаул,"Алтайский край, г Барнаул, ул Малахова, 45","53,222716","83,424879",Алтайский край,Шоколадница,80 баллов за 1 кг,Пластик; Бумага
Барнаул,"Алтайский край, г Барнаул, ул Партизанская, 140","53,195863","83,460339",Алтайский край,Шоколадница,80 баллов за 1 кг,Пластик; Бумага
Барнаул,"Алтайский край, г Барнаул, ул Челюскинцев, 4","53,3233","83,7672",Алтайский край,Шоколадница,80 баллов за 1 кг,Пластик; Бумага
Березники,"Пермский край, г Березники, ул Пятилетки, 21","59,4075","56,7942",Пермский край,Шоколадница,80 баллов за 1 кг,Пластик; Бумага
Бийск,"Алтайский край, г Бийск, ул Красноармейская, 81","52,32273","85,17686",Алтайский край,Шоколадница,80 баллов за 1 кг,Пластик; Бумага
Благовещенск,"Амурская область, г Благовещенск, ул Калинина, 143","50,2907","127,5268",Амурская область,Шоколадница,80 баллов за 1 кг,Пластик; Бумага
Благовещенск,"Амурская область, г Благовещенск, ул Октябрьская, 269","50,4611","127,8497",Амурская область,Шоколадница,80 баллов за 1 кг,Пластик; Бумага
Благовещенск,"Амурская область, г Благовещенск, ул Чайковского, 129","50,4664","127,9253",Амурская область,Шоколадница,80 баллов за 1 кг,Пластик; Бумага
Брянск,"Брянская область, г Брянск, ул Дзержинского, 50","53,200801","34,41522",Брянская область,Шоколадница,80 баллов за 1 кг,Пластик; Бумага
Брянск,"Брянская область, г Брянск, ул Фокина, 47","53,1434","34,2138",Брянская область,Шоколадница,80 баллов за 1 кг,Пластик; Бумага
Великий Новгород,"Новгородская область, г Великий Новгород, ул Большая Санкт-Петербургская, 14","58,5167","31,25",Новгородская область,Шоколадница,80 баллов за 1 кг,Пластик; Бумага
Великий Новгород,"Новгородская область, г Великий Новгород, ул Октябрьская, 14","58,5167","31,25",Новгородская область,Шоколадница,80 баллов за 1 кг,Пластик; Бумага
Владивосток,"Приморский край, г Владивосток, ул Алеутская, 51","43,1222","131,8833",Приморский край,Шоколадница,80 баллов за 1 кг,Пластик; Бумага
Владивосток,"Приморский край, г Владивосток, ул Крыгина, 15","43,093559","131,862873",Приморский край,Шоколадница,80 баллов за 1 кг,Пластик; Бумага
Владивосток,"Приморский край, г Владивосток, ул Светланская, 55","43,1142","131,8944",Приморский край,Шоколадница,80 баллов за 1 кг,Пластик; Бумага
Владимир,"Владимирская область, г Владимир, ул Комиссарова, 2","56,164695","40,449655",Владимирская область,Шоколадница,80 баллов за 1 кг,Пластик; Бумага
Владимир,"Владимирская область, г Владимир, ул Чайковского, 34","56,1253","40,3617",Владимирская область,Шоколадница,80 баллов за 1 кг,Пластик; Бумага
Волгоград,"Волгоградская область, г Волгоград, пр-кт им В.И.Ленина, 76","48,7346","44,5441",Волгоградская область,Шоколадница,80 баллов за 1 кг,Пластик; Бумага
Волгоград,"Волгоградская область, г Волгоград, ул 64 Армии, 28","48,6136","44,4233",Волгоградская область,Шоколадница,80 баллов за 1 кг,Пластик; Бумага
Волгоград,"Волгоградская область, г Волгоград, ул им В.И.Ленина, 6","48,9181","44,0681",Волгоградская область,Шоколадница,80 баллов за 1 кг,Пластик; Бумага
Волгоград,"Волгоградская область, г Волгоград, ул им маршала Еременко, 100","48,776937","44,554324",Волгоградская область,Шоколадница,80 баллов за 1 кг,Пластик; Бумага
Волгоград,"Волгоградская область, г Волгоград, ул им Покрышкина, 14","48,7439","44,5194",Волгоградская область,Шоколадница,80 баллов за 1 кг,Пластик; Бумага
Волгоград,"Волгоградская область, г Волгоград, ул Лазоревая, 125","48,8667","44,8167",Волгоградская область,Шоколадница,80 баллов за 1 кг,Пластик; Бумага
Волгоград,"Волгоградская область, г Волгоград, ул Строителей, 8","48,78","44,3792",Волгоградская область,Шоколадница,80 баллов за 1 кг,Пластик; Бумага
Волгодонск,"Ростовская область, г Волгодонск, ул Пионерская, 76","47,8608","42,2467",Ростовская область,Шоколадница,80 баллов за 1 кг,Пластик; Бумага
Волжский,"Волгоградская область, г Волжский, ул 7-я Автодорога, автодорога №6","48,7885","44,7458",Волгоградская область,Шоколадница,80 баллов за 1 кг,Пластик; Бумага
Волжский,"Волгоградская область, г Волжский, ул Пионерская, 45","48,784616","44,794656",Волгоградская область,Шоколадница,80 баллов за 1 кг,Пластик; Бумага
Вологда,"Вологодская область, г Вологда, ул Предтеченская, 8","59,2189","39,9103",Вологодская область,Шоколадница,80 баллов за 1 кг,Пластик; Бумага
Воронеж,"Воронежская область, г Воронеж, пр-кт Ленинский, 154","51,6844","39,2639",Воронежская область,Шоколадница,80 баллов за 1 кг,Пластик; Бумага
Воронеж,"Воронежская область, г Воронеж, ул 232 Стрелковой дивизии, 9","51,6875","39,08",Воронежская область,Шоколадница,80 баллов за 1 кг,Пластик; Бумага
Воронеж,"Воронежская область, г Воронеж, ул Димитрова, 88","51,6672","39,2633",Воронежская область,Шоколадница,80 баллов за 1 кг,Пластик; Бумага
Воронеж,"Воронежская область, г Воронеж, ул Остужева, 6","51,6856","39,2631",Воронежская область,Шоколадница,80 баллов за 1 кг,Пластик; Бумага
Воронеж,"Воронежская область, г Воронеж, ул Хользунова, 3","51,703107","39,195935",Воронежская область,Шоколадница,80 баллов за 1 кг,Пластик; Бумага
Грозный,"Чеченская республика, г Грозный, ул Ханкальская, 1","42,2917","45,7464",Чеченская республика,Шоколадница,80 баллов за 1 кг,Пластик; Бумага
Дзержинск,"Нижегородская область, г Дзержинск, ул Гайдара, 59","56,2333","43,4372",Нижегородская область,Шоколадница,80 баллов за 1 кг,Пластик; Бумага
Екатеринбург,"Свердловская область, г Екатеринбург, ул 8 Марта, 76","56,8208","60,605",Свердловская область,Шоколадница,80 баллов за 1 кг,Пластик; Бумага
Екатеринбург,"Свердловская область, г Екатеринбург, ул Малышева, 146","56,840804","60,659741",Свердловская область,Шоколадница,80 баллов за 1 кг,Пластик; Бумага
Екатеринбург,"Свердловская область, г Екатеринбург, ул Техническая, 78","56,875","60,5175",Свердловская область,Шоколадница,80 баллов за 1 кг,Пластик; Бумага
Железногорск,"Курская область, г Железногорск, ул Курская, 37 1","52,206","35,21275",Курская область,Шоколадница,80 баллов за 1 кг,Пластик; Бумага
Зеленоград,"Москва, г Зеленоград, ул Филаретовская, 1131","55,992665","37,168445",Москва,Шоколадница,80 баллов за 1 кг,Пластик; Бумага
Иваново,"Ивановская область, г Иваново, пр-кт Шереметевский, 58","57,0053","40,9911",Ивановская область,Шоколадница,80 баллов за 1 кг,Пластик; Бумага
Иваново,"Ивановская область, г Иваново, ул Велижская, 47","56,982619","40,971115",Ивановская область,Шоколадница,80 баллов за 1 кг,Пластик; Бумага
Иваново,"Ивановская область, г Иваново, ул Кузнецова, 174","57,015642","40,929491",Ивановская область,Шоколадница,80 баллов за 1 кг,Пластик; Бумага
Иваново,"Ивановская область, г Иваново, ул Парижской Коммуны, 24","56,998715","40,950971",Ивановская область,Шоколадница,80 баллов за 1 кг,Пластик; Бумага
Иваново,"Ивановская область, г Иваново, ул Шошина, 15","57,009514","40,995696",Ивановская область,Шоколадница,80 баллов за 1 кг,Пластик; Бумага
Ижевск,"Удмуртская республика, г Ижевск, ул Азина, 1","56,830799","53,18534",Удмуртская республика,Шоколадница,80 баллов за 1 кг,Пластик; Бумага
Ижевск,"Удмуртская республика, г Ижевск, ул Дзержинского, 50","56,8833","53,25",Удмуртская республика,Шоколадница,80 баллов за 1 кг,Пластик; Бумага
Ижевск,"Удмуртская республика, г Ижевск, ул Карла Маркса, 276","56,8581","53,2053",Удмуртская республика,Шоколадница,80 баллов за 1 кг,Пластик; Бумага
Ижевск,"Удмуртская республика, г Ижевск, ул Максима Горького, 90","56,8358","53,1858",Удмуртская республика,Шоколадница,80 баллов за 1 кг,Пластик; Бумага
Ижевск,"Удмуртская республика, г Ижевск, ул Труда, 4","56,8617","53,2906",Удмуртская республика,Шоколадница,80 баллов за 1 кг,Пластик; Бумага
Иркутск,"Иркутская область, г Иркутск, ул Аргунова, 2 10","52,263239","104,221363",Иркутская область,Шоколадница,80 баллов за 1 кг,Пластик; Бумага
Иркутск,"Иркутская область, г Иркутск, ул Вампилова, 2 2","52,2617","104,2422",Иркутская область,Шоколадница,80 баллов за 1 кг,Пластик; Бумага
Иркутск,"Иркутская область, г Иркутск, ул Ленинградская, 12","52,3375","104,2278",Иркутская область,Шоколадница,80 баллов за 1 кг,Пластик; Бумага
Иркутск,"Иркутская область, г Иркутск, ул Рабочего Штаба, 114 3","52,3253","104,3064",Иркутская область,Шоколадница,80 баллов за 1 кг,Пластик; Бумага
Иркутск,"Иркутская область, г Иркутск, ул Степана Разина, 10","52,3225","104,2961",Иркутская область,Шоколадница,80 баллов за 1 кг,Пластик; Бумага
Иркутск,"Иркутская область, г Иркутск, ул Чехова, 19","52,284099","104,29486",Иркутская область,Шоколадница,80 баллов за 1 кг,Пластик; Бумага
Йошкар-Ола,"Республика Марий Эл, г Йошкар-Ола, ул Йывана Кырли, 8","56,640771","47,845043",Республика Марий Эл,Шоколадница,80 баллов за 1 кг,Пластик; Бумага
Йошкар-Ола,"Республика Марий Эл, г Йошкар-Ола, ул Мира, 70","56,637523","47,934872",Республика Марий Эл,Шоколадница,80 баллов за 1 кг,Пластик; Бумага
Казань,"Республика Татарстан, г Казань, тракт Мамадышский, 1 1","55,801645","49,262894",Республика Татарстан,Шоколадница,80 баллов за 1 кг,Пластик; Бумага
Казань,"Республика Татарстан, г Казань, ул Бурхана Шахиди, 26","55,788188","49,102961",Республика Татарстан,Шоколадница,80 баллов за 1 кг,Пластик; Бумага
Казань,"Республика Татарстан, г Казань, ул Гвардейская, 40","55,782924","49,170559",Республика Татарстан,Шоколадница,80 баллов за 1 кг,Пластик; Бумага
Казань,"Республика Татарстан, г Казань, ул Залесная, 65","55,850672","49,890004",Республика Татарстан,Шоколадница,80 баллов за 1 кг,Пластик; Бумага
Казань,"Республика Татарстан, г Казань, ул Ломжинская, 24","55,766375","49,229501",Республика Татарстан,Шоколадница,80 баллов за 1 кг,Пластик; Бумага
Казань,"Республика Татарстан, г Казань, ул Муштари, 24","55,792938","49,135223",Республика Татарстан,Шоколадница,80 баллов за 1 кг,Пластик; Бумага
Казань,"Республика Татарстан, г Казань, ул Сары Садыковой, 2","55,342925","49,242612",Республика Татарстан,Шоколадница,80 баллов за 1 кг,Пластик; Бумага
Казань,"Республика Татарстан, г Казань, ул Челюскина, 68","55,871844","49,080702",Республика Татарстан,Шоколадница,80 баллов за 1 кг,Пластик; Бумага
Казань,"Республика Татарстан, г Казань, ул Юлиуса Фучика, 113","55,761928","49,231321",Республика Татарстан,Шоколадница,80 баллов за 1 кг,Пластик; Бумага
Калининград,"Калининградская область, г Калининград, пр-кт Московский, 181","54,7092","20,5547",Калининградская область,Шоколадница,80 баллов за 1 кг,Пластик; Бумага
Калининград,"Калининградская область, г Калининград, ул Автомобильная, 24","54,6736","20,4889",Калининградская область,Шоколадница,80 баллов за 1 кг,Пластик; Бумага
Калининград,"Калининградская область, г Калининград, ул Космонавта Леонова, 18","54,7247","20,4817",Калининградская область,Шоколадница,80 баллов за 1 кг,Пластик; Бумага
Калининград,"Калининградская область, г Калининград, ул Судостроительная, 27","54,6736","20,4961",Калининградская область,Шоколадница,80 баллов за 1 кг,Пластик; Бумага
Калуга,"Калужская область, г Калуга, ул К.Либкнехта, 22","54,5235","36,2738",Калужская область,Шоколадница,80 баллов за 1 кг,Пластик; Бумага
Калуга,"Калужская область, г Калуга, ул Ленина, 62","54,5194","36,2672",Калужская область,Шоколадница,80 баллов за 1 кг,Пластик; Бумага
Калуга,"Калужская область, г Калуга, ул Октябрьская, 2","54,5161","36,2434",Калужская область,Шоколадница,80 баллов за 1 кг,Пластик; Бумага
Калуга,"Калужская область, г Калуга, ул Чичерина, 8","54,6051","36,3719",Калужская область,Шоколадница,80 баллов за 1 кг,Пластик; Бумага
Кемерово,"Кемеровская область, г Кемерово, ул Волгоградская, 23","55,3428","86,1497",Кемеровская область,Шоколадница,80 баллов за 1 кг,Пластик; Бумага
Киров,"Кировская область, г Киров, ул Романа Ердякова, 18","58,610169","49,636565",Кировская область,Шоколадница,80 баллов за 1 кг,Пластик; Бумага
Ковров,"Владимирская область, г Ковров, ул Комсомольская, 67","56,3425","41,2981",Владимирская область,Шоколадница,80 баллов за 1 кг,Пластик; Бумага
Комсомольск-на-Амуре,"Хабаровский край, г Комсомольск-на-Амуре, ш Комсомольское, 142","50,5761","137,07",Хабаровский край,Шоколадница,80 баллов за 1 кг,Пластик; Бумага
Кострома,"Костромская область, г Кострома, ул Симановского, 79","57,77961","40,913806",Костромская область,Шоколадница,80 баллов за 1 кг,Пластик; Бумага
Краснодар,"Краснодарский край, г Краснодар, ул им Есенина, 110 1","45,0953","39,0144",Краснодарский край,Шоколадница,80 баллов за 1 кг,Пластик; Бумага
Краснодар,"Краснодарский край, г Краснодар, ул Российская, 642","45,1094","39,0119",Краснодарский край,Шоколадница,80 баллов за 1 кг,Пластик; Бумага
Краснодар,"Краснодарский край, г Краснодар, ул Уральская, 122","45,0206","39,0344",Краснодарский край,Шоколадница,80 баллов за 1 кг,Пластик; Бумага
Красноярск,"Красноярский край, г Красноярск, пр-кт Металлургов, 2Д стр. 9","56,060508","92,957434",Красноярский край,Шоколадница,80 баллов за 1 кг,Пластик; Бумага
Красноярск,"Красноярский край, г Красноярск, ул 9 Мая, 39","56,064334","92,925735",Красноярский край,Шоколадница,80 баллов за 1 кг,Пластик; Бумага
Красноярск,"Красноярский край, г Красноярск, ул Взлетная, 30","56,017365","92,779458",Красноярский край,Шоколадница,80 баллов за 1 кг,Пластик; Бумага
Красноярск,"Красноярский край, г Красноярск, ул Декабристов, 36","56,012148","92,846248",Красноярский край,Шоколадница,80 баллов за 1 кг,Пластик; Бумага
Красноярск,"Красноярский край, г Красноярск, ул Ключевская, 63","56,037935","92,871715",Красноярский край,Шоколадница,80 баллов за 1 кг,Пластик; Бумага
Красноярск,"Красноярский край, г Красноярск, ул Ладо Кецховели, 30","56,016796","92,814382",Красноярский край,Шоколадница,80 баллов за 1 кг,Пластик; Бумага
Красноярск,"Красноярский край, г Красноярск, ул Молокова, 19","56,038816","92,899879",Красноярский край,Шоколадница,80 баллов за 1 кг,Пластик; Бумага
Красноярск,"Красноярский край, г Красноярск, ул Перенсона, 1","56,00693","92,867641",Красноярский край,Шоколадница,80 баллов за 1 кг,Пластик; Бумага
Красноярск,"Красноярский край, г Красноярск, ул Судостроительная, 159","55,985395","92,865246",Красноярский край,Шоколадница,80 баллов за 1 кг,Пластик; Бумага
Курск,"Курская область, г Курск, ул Красный Октябрь, 10","51,7531","36,1842",Курская область,Шоколадница,80 баллов за 1 кг,Пластик; Бумага
Кызыл,"Республика Тыва, г Кызыл, ул Щетинкина-Кравченко, 61","51,7211","94,435",Республика Тыва,Шоколадница,80 баллов за 1 кг,Пластик; Бумага
Липецк,"Липецкая область, г Липецк, пр-кт Победы, 18","52,59728","39,5669",Липецкая область,Шоколадница,80 баллов за 1 кг,Пластик; Бумага
Липецк,"Липецкая область, г Липецк, ул Зеленая, 78","52,530638","39,596295",Липецкая область,Шоколадница,80 баллов за 1 кг,Пластик; Бумага
Липецк,"Липецкая область, г Липецк, ул Советская, 43","52,604158","39,584135",Липецкая область,Шоколадница,80 баллов за 1 кг,Пластик; Бумага
Липецк,"Липецкая область, г Липецк, ш Лебедянское, стр.6","52,62556","39,54069",Липецкая область,Шоколадница,80 баллов за 1 кг,Пластик; Бумага
Люберцы,"Московская область, г Люберцы, ул Кирова, 49","55,679531","37,884514",Московская область,Шоколадница,80 баллов за 1 кг,Пластик; Бумага
Магнитогорск,"Челябинская область, г Магнитогорск, сад Строитель-1 Сад6, 257","53,44379","58,91097",Челябинская область,Шоколадница,80 баллов за 1 кг,Пластик; Бумага
Магнитогорск,"Челябинская область, г Магнитогорск, ул Фрунзе, 25","53,3865","59,0685",Челябинская область,Шоколадница,80 баллов за 1 кг,Пластик; Бумага
Майкоп,"Республика Адыгея, г Майкоп, ул Привокзальная, 188","44,6231","40,0872",Республика Адыгея,Шоколадница,80 баллов за 1 кг,Пластик; Бумага
Москва,"Москва, г Москва, б-р Коптевский, 11","55,830962","37,525679",Москва,Шоколадница,80 баллов за 1 кг,Пластик; Бумага
Москва,"Москва, г Москва, б-р Сиреневый, 53","55,80328","37,814926",Москва,Шоколадница,80 баллов за 1 кг,Пластик; Бумага
Москва,"Москва, г Москва, наб Подгорская, 1 15","55,748661","37,646073",Москва,Шоколадница,80 баллов за 1 кг,Пластик; Бумага
Москва,"Москва, г Москва, пл Рижская, 3","55,5744","37,2655",Москва,Шоколадница,80 баллов за 1 кг,Пластик; Бумага
Москва,"Москва, г Москва, пр-кт Вернадского, 97 к1","55,66776","37,491795",Москва,Шоколадница,80 баллов за 1 кг,Пластик; Бумага
Москва,"Москва, г Москва, пр-кт Измайловский, вл. 54","55,788276","37,788478",Москва,Шоколадница,80 баллов за 1 кг,Пластик; Бумага
Москва,"Москва, г Москва, пр-кт Ленинский, 27","55,715539","37,592342",Москва,Шоколадница,80 баллов за 1 кг,Пластик; Бумага
Москва,"Москва, г Москва, пр-кт Маршала Жукова, 79","55,78721","37,38871",Москва,Шоколадница,80 баллов за 1 кг,Пластик; Бумага
Москва,"Москва, г Москва, пр-кт Нахимовский, 42","55,6783","37,5631",Москва,Шоколадница,80 баллов за 1 кг,Пластик; Бумага
Москва,"Москва, г Москва, проезд Анненский, 1 стр.17","55,801","37,607",Москва,Шоколадница,80 баллов за 1 кг,Пластик; Бумага
Москва,"Москва, г Москва, проезд Отрадный, 8","55,855","37,61",Москва,Шоколадница,80 баллов за 1 кг,Пластик; Бумага
Москва,"Москва, г Москва, проезд Югорский, 2","55,88","37,713",Москва,Шоколадница,80 баллов за 1 кг,Пластик; Бумага
Москва,"Москва, г Москва, ул Авиационная, 67","55,836548","37,453776",Москва,Шоколадница,80 баллов за 1 кг,Пластик; Бумага
Москва,"Москва, г Москва, ул Академика Курчатова, владение 10","55,812526","37,475668",Москва,Шоколадница,80 баллов за 1 кг,Пластик; Бумага
Москва,"Москва, г Москва, ул Барклая, 12","55,743997","37,497539",Москва,Шоколадница,80 баллов за 1 кг,Пластик; Бумага
Москва,"Москва, г Москва, ул Бестужевых, 12","55,871206","37,608996",Москва,Шоколадница,80 баллов за 1 кг,Пластик; Бумага
Москва,"Москва, г Москва, ул Ботаническая, 7","55,824","37,601",Москва,Шоколадница,80 баллов за 1 кг,Пластик; Бумага
Москва,"Москва, г Москва, ул Воронцовская, 21","55,736215","37,659745",Москва,Шоколадница,80 баллов за 1 кг,Пластик; Бумага
Москва,"Москва, г Москва, ул Гримау, 16","55,688115","37,577654",Москва,Шоколадница,80 баллов за 1 кг,Пластик; Бумага
Москва,"Москва, г Москва, ул Дубнинская, 10к1","55,863351","37,567227",Москва,Шоколадница,80 баллов за 1 кг,Пластик; Бумага
Москва,"Москва, г Москва, ул Зеленодольская, 41 к.1","55,7027","37,7659",Москва,Шоколадница,80 баллов за 1 кг,Пластик; Бумага
Москва,"Москва, г Москва, ул Каспийская, 36 СТР2","55,619346","37,666985",Москва,Шоколадница,80 баллов за 1 кг,Пластик; Бумага
Москва,"Москва, г Москва, ул Коровий Вал, 7","55,728876","37,619552",Москва,Шоколадница,80 баллов за 1 кг,Пластик; Бумага
Москва,"Москва, г Москва, ул Крылатские Холмы, 1","55,747333","37,426041",Москва,Шоколадница,80 баллов за 1 кг,Пластик; Бумага
Москва,"Москва, г Москва, ул Лисичанская, 3","55,62174","37,675335",Москва,Шоколадница,80 баллов за 1 кг,Пластик; Бумага
Москва,"Москва, г Москва, ул Маршала Бирюзова, 32","55,799412","37,482784",Москва,Шоколадница,80 баллов за 1 кг,Пластик; Бумага
Москва,"Москва, г Москва, ул Милашенкова, 20","55,829","37,578",Москва,Шоколадница,80 баллов за 1 кг,Пластик; Бумага
Москва,"Москва, г Москва, ул Николоямская, 20СТР1","55,747334","37,652592",Москва,Шоколадница,80 баллов за 1 кг,Пластик; Бумага
Москва,"Москва, г Москва, ул Новорязанская, 10","55,7722","37,6569",Москва,Шоколадница,80 баллов за 1 кг,Пластик; Бумага
Москва,"Москва, г Москва, ул Паустовского, 8, корп. 3","55,603934","37,538839",Москва,Шоколадница,80 баллов за 1 кг,Пластик; Бумага
Москва,"Москва, г Москва, ул Подольских Курсантов, 17","55,601429","37,641106",Москва,Шоколадница,80 баллов за 1 кг,Пластик; Бумага
Москва,"Москва, г Москва, ул Ремизова, 14","55,6744","37,6033",Москва,Шоколадница,80 баллов за 1 кг,Пластик; Бумага
Москва,"Москва, г Москва, ул Свободы, 29","55,836035","37,454248",Москва,Шоколадница,80 баллов за 1 кг,Пластик; Бумага
Москва,"Москва, г Москва, ул Сеславинская, 26","55,742259","37,491608",Москва,Шоколадница,80 баллов за 1 кг,Пластик; Бумага
Москва,"Москва, г Москва, ул Сталеваров, 22","55,754201","37,83951",Москва,Шоколадница,80 баллов за 1 кг,Пластик; Бумага
Москва,"Москва, г Москва, ул Таймырская, 3","55,884","37,698",Москва,Шоколадница,80 баллов за 1 кг,Пластик; Бумага
Москва,"Москва, г Москва, ул Тульская М., 24","55,70605","37,617328",Москва,Шоколадница,80 баллов за 1 кг,Пластик; Бумага
Москва,"Москва, г Москва, ул Часовая, 18","55,808953","37,528445",Москва,Шоколадница,80 баллов за 1 кг,Пластик; Бумага
Москва,"Москва, г Москва, ул Широкая, 16","55,887","37,661",Москва,Шоколадница,80 баллов за 1 кг,Пластик; Бумага
Москва,"Москва, г Москва, ул Якиманка Б., 21","55,736815","37,61401",Москва,Шоколадница,80 баллов за 1 кг,Пластик; Бумага
Москва,"Москва, г Москва, ш Алтуфьевское, 79","55,881","37,585",Москва,Шоколадница,80 баллов за 1 кг,Пластик; Бумага
Москва,"Москва, г Москва, ш Варшавское, 26","55,683535","37,622283",Москва,Шоколадница,80 баллов за 1 кг,Пластик; Бумага
Москва,"Москва, г Москва, ш Дмитровское, 108 Б стр 1","55,885","37,5434",Москва,Шоколадница,80 баллов за 1 кг,Пластик; Бумага
Москва,"Москва, г Москва, ш Дмитровское, 82","55,865253","37,547945",Москва,Шоколадница,80 баллов за 1 кг,Пластик; Бумага
Москва,"Москва, г Москва, ш Каширское, 65","55,601132","37,722887",Москва,Шоколадница,80 баллов за 1 кг,Пластик; Бумага
Москва,"Москва, г Москва, ш Открытое, 18","55,817393","37,74323",Москва,Шоколадница,80 баллов за 1 кг,Пластик; Бумага
Москва,"Москва, г Москва, ш Рублевское, 68","55,764766","37,378446",Москва,Шоколадница,80 баллов за 1 кг,Пластик; Бумага
Москва,"Москва, г Москва, ш Энтузиастов, 50","55,759268","37,757225",Москва,Шоколадница,80 баллов за 1 кг,Пластик; Бумага
Мурманск,"Мурманская область, г Мурманск, ул Героев Рыбачьего, 51","68,8888","33,0987",Мурманская область,Шоколадница,80 баллов за 1 кг,Пластик; Бумага
Мурманск,"Мурманская область, г Мурманск, ул Шабалина, 12","68,8917","33,1075",Мурманская область,Шоколадница,80 баллов за 1 кг,Пластик; Бумага
Муром,"Владимирская область, г Муром, ул Советская, 21",52,41,Владимирская область,Шоколадница,80 баллов за 1 кг,Пластик; Бумага
Набережные Челны,"Республика Татарстан, г Набережные Челны, пр-кт Набережночелнинский, 7","55,70241","52,332542",Республика Татарстан,Шоколадница,80 баллов за 1 кг,Пластик; Бумага
Набережные Челны,"Республика Татарстан, г Набережные Челны, пр-кт Яшьлек, 21","55,762245","52,445192",Республика Татарстан,Шоколадница,80 баллов за 1 кг,Пластик; Бумага
Набережные Челны,"Республика Татарстан, г Набережные Челны, ул Техническая, 8 2","55,4346","52,2557",Республика Татарстан,Шоколадница,80 баллов за 1 кг,Пластик; Бумага
Нальчик,"Кабардино-Балкарская республика, г Нальчик, ул Чернышевского, 155","43,4086","43,4447",Кабардино-Балкарская республика,Шоколадница,80 баллов за 1 кг,Пластик; Бумага
Нижневартовск,"Ханты-Мансийский автономный округ - Югра, г Нижневартовск, ул Мира, 4","60,9453","76,5658",Ханты-Мансийский автономный округ - Югра,Шоколадница,80 баллов за 1 кг,Пластик; Бумага
Нижнекамск,"Республика Татарстан, г Нижнекамск, ул Вокзальная, 6","55,619183","51,809293",Республика Татарстан,Шоколадница,80 баллов за 1 кг,Пластик; Бумага
Нижний Новгород,"Нижегородская область, г Нижний Новгород, пр-кт Гагарина, 110","56,271","43,977448",Нижегородская область,Шоколадница,80 баллов за 1 кг,Пластик; Бумага
Нижний Новгород,"Нижегородская область, г Нижний Новгород, пр-кт Кирова, 6","56,24925","43,85983",Нижегородская область,Шоколадница,80 баллов за 1 кг,Пластик; Бумага
Нижний Новгород,"Нижегородская область, г Нижний Новгород, пр-кт Октября, 2","56,243414","43,864117",Нижегородская область,Шоколадница,80 баллов за 1 кг,Пластик; Бумага
Нижний Новгород,"Нижегородская область, г Нижний Новгород, ул Белинского, 85","56,319021","44,027094",Нижегородская область,Шоколадница,80 баллов за 1 кг,Пластик; Бумага
Нижний Новгород,"Нижегородская область, г Нижний Новгород, ул Глеба Успенского, 1","56,2721","43,9333",Нижегородская область,Шоколадница,80 баллов за 1 кг,Пластик; Бумага
Нижний Новгород,"Нижегородская область, г Нижний Новгород, ул Ильинская, 113","56,3133","43,9857",Нижегородская область,Шоколадница,80 баллов за 1 кг,Пластик; Бумага
Нижний Новгород,"Нижегородская область, г Нижний Новгород, ул Космическая, 46","56,224292","43,828237",Нижегородская область,Шоколадница,80 баллов за 1 кг,Пластик; Бумага
Нижний Новгород,"Нижегородская область, г Нижний Новгород, ул Маршала Рокоссовского, 2","56,2824","44,0496",Нижегородская область,Шоколадница,80 баллов за 1 кг,Пластик; Бумага
Нижний Новгород,"Нижегородская область, г Нижний Новгород, ул Плотникова, 2","56,261436","43,861648",Нижегородская область,Шоколадница,80 баллов за 1 кг,Пластик; Бумага
Нижний Новгород,"Нижегородская область, г Нижний Новгород, ул Торфяная, 35","56,3497","43,8164",Нижегородская область,Шоколадница,80 баллов за 1 кг,Пластик; Бумага
Нижний Новгород,"Нижегородская область, г Нижний Новгород, ул Ясная, 31","56,381905","43,795871",Нижегородская область,Шоколадница,80 баллов за 1 кг,Пластик; Бумага
Нижний Тагил,"Свердловская область, г Нижний Тагил, ул Щорса, 5","57,5748","60,0428",Свердловская область,Шоколадница,80 баллов за 1 кг,Пластик; Бумага
Новокузнецк,"Кемеровская область, г Новокузнецк, ул Куйбышева, 9","53,757015","87,098759",Кемеровская область,Шоколадница,80 баллов за 1 кг,Пластик; Бумага
Новокузнецк,"Кемеровская область, г Новокузнецк, ул Тушинская, 3","53,748786","87,093342",Кемеровская область,Шоколадница,80 баллов за 1 кг,Пластик; Бумага
Новосибирск,"Новосибирская область, г Новосибирск, ул 40 лет Комсомола, 54","54,8644","82,9819",Новосибирская область,Шоколадница,80 баллов за 1 кг,Пластик; Бумага
Новосибирск,"Новосибирская область, г Новосибирск, ул Вокзальная магистраль, 2","55,0347","82,9014",Новосибирская область,Шоколадница,80 баллов за 1 кг,Пластик; Бумага
Новосибирск,"Новосибирская область, г Новосибирск, ул Зорге, 209","54,9325","82,9161",Новосибирская область,Шоколадница,80 баллов за 1 кг,Пластик; Бумага
Новосибирск,"Новосибирская область, г Новосибирск, ул Междуреченская, 2 корп.1","55,0222","82,8519",Новосибирская область,Шоколадница,80 баллов за 1 кг,Пластик; Бумага
Новосибирск,"Новосибирская область, г Новосибирск, ул Писарева, 10","55,0486","82,9147",Новосибирская область,Шоколадница,80 баллов за 1 кг,Пластик; Бумага
Новосибирск,"Новосибирская область, г Новосибирск, ул Татьяны Снежиной, 43","55,0208","83,0197",Новосибирская область,Шоколадница,80 баллов за 1 кг,Пластик; Бумага
Новосибирск,"Новосибирская область, г Новосибирск, ул Шлюзовая, 14","54,8519","83,0414",Новосибирская область,Шоколадница,80 баллов за 1 кг,Пластик; Бумага
Октябрьский,"Республика Башкортостан, г Октябрьский, ул Салавата Батыра, 6","54,491555","53,491786",Республика Башкортостан,Шоколадница,80 баллов за 1 кг,Пластик; Бумага
Омск,"Омская область, г Омск, пр-кт Космический, 56","54,9789","73,4636",Омская область,Шоколадница,80 баллов за 1 кг,Пластик; Бумага
Омск,"Омская область, г Омск, ул Балтийская 9-я, 53","54,9208","73,4947",Омская область,Шоколадница,80 баллов за 1 кг,Пластик; Бумага
Омск,"Омская область, г Омск, ул Герцена, 206","55,0208","73,3758",Омская область,Шоколадница,80 баллов за 1 кг,Пластик; Бумага
Омск,"Омская область, г Омск, ул Енисейская, 1","54,975","73,3403",Омская область,Шоколадница,80 баллов за 1 кг,Пластик; Бумага
Омск,"Омская область, г Омск, ул Карбышева, 26","54,9408","73,3933",Омская область,Шоколадница,80 баллов за 1 кг,Пластик; Бумага
Омск,"Омская область, г Омск, ул Масленникова, 181","54,9753","73,4225",Омская область,Шоколадница,80 баллов за 1 кг,Пластик; Бумага
Омск,"Омская область, г Омск, ул Южная, 101","54,9281","73,3147",Омская область,Шоколадница,80 баллов за 1 кг,Пластик; Бумага
Орёл,"Орловская область, г Орёл, ул Ленина, 1","52,0471","36,0889",Орловская область,Шоколадница,80 баллов за 1 кг,Пластик; Бумага
Орёл,"Орловская область, г Орёл, ул Пятницкая, 163","52,9456","36,0956",Орловская область,Шоколадница,80 баллов за 1 кг,Пластик; Бумага
Оренбург,"Оренбургская область, г Оренбург, пр-кт Победы, 178 1","51,8192","55,1433",Оренбургская область,Шоколадница,80 баллов за 1 кг,Пластик; Бумага
Оренбург,"Оренбургская область, г Оренбург, ул Деповская, 1","51,7781","55,0644",Оренбургская область,Шоколадница,80 баллов за 1 кг,Пластик; Бумага
Оренбург,"Оренбургская область, г Оренбург, ул Монтажников, 30 2","51,8042","55,1617",Оренбургская область,Шоколадница,80 баллов за 1 кг,Пластик; Бумага
Оренбург,"Оренбургская область, г Оренбург, ул Салмышская, 41 1","51,8258","55,1631",Оренбургская область,Шоколадница,80 баллов за 1 кг,Пластик; Бумага
Оренбург,"Оренбургская область, г Оренбург, ул Цвиллинга, 54","51,7747","55,0908",Оренбургская область,Шоколадница,80 баллов за 1 кг,Пластик; Бумага
Орск,"Оренбургская область, г Орск, ул Ялтинская, 17","51,2572","58,4283",Оренбургская область,Шоколадница,80 баллов за 1 кг,Пластик; Бумага
Пенза,"Пензенская область, г Пенза, ул Кирова, 73","53,1981","45,0211",Пензенская область,Шоколадница,80 баллов за 1 кг,Пластик; Бумага
Пенза,"Пензенская область, г Пенза, ул Окружная, 298","53,194","44,963",Пензенская область,Шоколадница,80 баллов за 1 кг,Пластик; Бумага
Пенза,"Пензенская область, г Пенза, ул Урицкого, 74","53,1958","45,0226",Пензенская область,Шоколадница,80 баллов за 1 кг,Пластик; Бумага
Пермь,"Пермский край, г Пермь, ул Борчанинова, 50","58,0031","56,2231",Пермский край,Шоколадница,80 баллов за 1 кг,Пластик; Бумага
Пермь,"Пермский край, г Пермь, ул Гусарова, 14","57,9642","56,22",Пермский край,Шоколадница,80 баллов за 1 кг,Пластик; Бумага
Пермь,"Пермский край, г Пермь, ул Куйбышева, 80","57,994365","56,247006",Пермский край,Шоколадница,80 баллов за 1 кг,Пластик; Бумага
Пермь,"Пермский край, г Пермь, ул Маршала Рыбалко, 88","58,009232","55,963499",Пермский край,Шоколадница,80 баллов за 1 кг,Пластик; Бумага
Пермь,"Пермский край, г Пермь, ул Плеханова, 66","57,997949","56,209865",Пермский край,Шоколадница,80 баллов за 1 кг,Пластик; Бумага
Пермь,"Пермский край, г Пермь, ул Соликамская, 280","58,0869","56,3522",Пермский край,Шоколадница,80 баллов за 1 кг,Пластик; Бумага
Пермь,"Пермский край, г Пермь, ул Чернышевского, 23","57,9964","56,2611",Пермский край,Шоколадница,80 баллов за 1 кг,Пластик; Бумага
Петрозаводск,"Республика Карелия, г Петрозаводск, ул Луначарского, 5","61,765","34,347",Республика Карелия,Шоколадница,80 баллов за 1 кг,Пластик; Бумага
Петропавловск-Камчатский,"Камчатский край, г Петропавловск-Камчатский, ул Ленинградская, 49","53,0367","158,6542",Камчатский край,Шоколадница,80 баллов за 1 кг,Пластик; Бумага
Псков,"Псковская область, г Псков, ул Коммунальная, 41","57,820879","28,290319",Псковская область,Шоколадница,80 баллов за 1 кг,Пластик; Бумага
Псков,"Псковская область, г Псков, ул Розы Люксембург, 13","57,8151","28,3219",Псковская область,Шоколадница,80 баллов за 1 кг,Пластик; Бумага
Пятигорск,"Ставропольский край, г Пятигорск, ул Малиновского, 24","44,0214","43,1278",Ставропольский край,Шоколадница,80 баллов за 1 кг,Пластик; Бумага
Ростов-на-Дону,"Ростовская область, г Ростов-на-Дону, пл Мичурина, 72","47,1327","39,3836",Ростовская область,Шоколадница,80 баллов за 1 кг,Пластик; Бумага
Ростов-на-Дону,"Ростовская область, г Ростов-на-Дону, пр-кт Коммунистический, 8 2","47,2081","39,6414",Ростовская область,Шоколадница,80 баллов за 1 кг,Пластик; Бумага
Ростов-на-Дону,"Ростовская область, г Ростов-на-Дону, пр-кт Соколова, 90 263","47,2336","39,7169",Ростовская область,Шоколадница,80 баллов за 1 кг,Пластик; Бумага
Ростов-на-Дону,"Ростовская область, г Ростов-на-Дону, ул 22-я линия, 43","47,2372","39,7603",Ростовская область,Шоколадница,80 баллов за 1 кг,Пластик; Бумага
Ростов-на-Дону,"Ростовская область, г Ростов-на-Дону, ул Вавилова, 60","47,1619","39,4109",Ростовская область,Шоколадница,80 баллов за 1 кг,Пластик; Бумага
Ростов-на-Дону,"Ростовская область, г Ростов-на-Дону, ул Зоологическая, 73","47,2458","39,6836",Ростовская область,Шоколадница,80 баллов за 1 кг,Пластик; Бумага
Ростов-на-Дону,"Ростовская область, г Ростов-на-Дону, ул Малиновского, 21",47,39,Ростовская область,Шоколадница,80 баллов за 1 кг,Пластик; Бумага
Ростов-на-Дону,"Ростовская область, г Ростов-на-Дону, ул Народного Ополчения, 2","47,25","39,6967",Ростовская область,Шоколадница,80 баллов за 1 кг,Пластик; Бумага
Ростов-на-Дону,"Ростовская область, г Ростов-на-Дону, ул Содружества, 41","47,2283","39,6333",Ростовская область,Шоколадница,80 баллов за 1 кг,Пластик; Бумага
Рубцовск,"Алтайский край, г Рубцовск, ул Сельмашская, 03","51,4944","81,1967",Алтайский край,Шоколадница,80 баллов за 1 кг,Пластик; Бумага
Рыбинск,"Ярославская область, г Рыбинск, ул Крестовая, 101","58,0878","38,1333",Ярославская область,Шоколадница,80 баллов за 1 кг,Пластик; Бумага
Рыбинск,"Ярославская область, г Рыбинск, ул Юбилейная, 41","58,023","38,8519",Ярославская область,Шоколадница,80 баллов за 1 кг,Пластик; Бумага
Рязань,"Рязанская область, г Рязань, ул Горького, 50","54,622555","39,74843",Рязанская область,Шоколадница,80 баллов за 1 кг,Пластик; Бумага
Рязань,"Рязанская область, г Рязань, ул Молодцова, 13","54,66418","39,648886",Рязанская область,Шоколадница,80 баллов за 1 кг,Пластик; Бумага
Рязань,"Рязанская область, г Рязань, ул Соборная, 16","54,63327","39,742585",Рязанская область,Шоколадница,80 баллов за 1 кг,Пластик; Бумага
Рязань,"Рязанская область, г Рязань, ш Касимовское, 27","54,621309","39,786815",Рязанская область,Шоколадница,80 баллов за 1 кг,Пластик; Бумага
Самара,"Самарская область, г Самара, пр-кт Кирова, 77","53,205333","50,279226",Самарская область,Шоколадница,80 баллов за 1 кг,Пластик; Бумага
Самара,"Самарская область, г Самара, ул Галактионовская, 32","53,184635","50,097236",Самарская область,Шоколадница,80 баллов за 1 кг,Пластик; Бумага
Самара,"Самарская область, г Самара, ул Мориса Тореза, 33","53,196506","50,171447",Самарская область,Шоколадница,80 баллов за 1 кг,Пластик; Бумага
Самара,"Самарская область, г Самара, ул Самарская, 249","53,203615","50,120129",Самарская область,Шоколадница,80 баллов за 1 кг,Пластик; Бумага
Самара,"Самарская область, г Самара, ул Часовая, 6","53,218124","50,160152",Самарская область,Шоколадница,80 баллов за 1 кг,Пластик; Бумага
Санкт-Петербург,"Санкт-Петербург, г Санкт-Петербург, наб Макарова, 4",59,30,Санкт-Петербург,Шоколадница,80 баллов за 1 кг,Пластик; Бумага
Санкт-Петербург,"Санкт-Петербург, г Санкт-Петербург, наб Октябрьская, 16","59,9097","30,425",Санкт-Петербург,Шоколадница,80 баллов за 1 кг,Пластик; Бумага
Санкт-Петербург,"Санкт-Петербург, г Санкт-Петербург, пл Казанская, Казанская ул. 3","59,9414","30,3569",Санкт-Петербург,Шоколадница,80 баллов за 1 кг,Пластик; Бумага
Санкт-Петербург,"Санкт-Петербург, г Санкт-Петербург, пр-кт Большой Сампсониевский, 66","59,978574","30,337617",Санкт-Петербург,Шоколадница,80 баллов за 1 кг,Пластик; Бумага
Санкт-Петербург,"Санкт-Петербург, г Санкт-Петербург, пр-кт Дачный, 7","59,8444","30,2506",Санкт-Петербург,Шоколадница,80 баллов за 1 кг,Пластик; Бумага
Санкт-Петербург,"Санкт-Петербург, г Санкт-Петербург, пр-кт Испытателей, 6","60,003051","30,291969",Санкт-Петербург,Шоколадница,80 баллов за 1 кг,Пластик; Бумага
Санкт-Петербург,"Санкт-Петербург, г Санкт-Петербург, пр-кт Космонавтов, 35",59,30,Санкт-Петербург,Шоколадница,80 баллов за 1 кг,Пластик; Бумага
Санкт-Петербург,"Санкт-Петербург, г Санкт-Петербург, пр-кт Ленинский, 88","59,8564","30,2031",Санкт-Петербург,Шоколадница,80 баллов за 1 кг,Пластик; Бумага
Санкт-Петербург,"Санкт-Петербург, г Санкт-Петербург, пр-кт Малоохтинский, 98","59,9215","30,4082",Санкт-Петербург,Шоколадница,80 баллов за 1 кг,Пластик; Бумага
Санкт-Петербург,"Санкт-Петербург, г Санкт-Петербург, пр-кт Невский, 39","59,9333","30,3419",Санкт-Петербург,Шоколадница,80 баллов за 1 кг,Пластик; Бумага
Санкт-Петербург,"Санкт-Петербург, г Санкт-Петербург, пр-кт Обуховской Обороны, 271","59,8531","30,48",Санкт-Петербург,Шоколадница,80 баллов за 1 кг,Пластик; Бумага
Санкт-Петербург,"Санкт-Петербург, г Санкт-Петербург, пр-кт Славы, 21","59,8561","30,3794",Санкт-Петербург,Шоколадница,80 баллов за 1 кг,Пластик; Бумага
Санкт-Петербург,"Санкт-Петербург, г Санкт-Петербург, пр-кт Удельный, 2","60,017688","30,314121",Санкт-Петербург,Шоколадница,80 баллов за 1 кг,Пластик; Бумага
Санкт-Петербург,"Санкт-Петербург, г Санкт-Петербург, ул 2-я Красноармейская, 21","59,9117","30,3119",Санкт-Петербург,Шоколадница,80 баллов за 1 кг,Пластик; Бумага
Санкт-Петербург,"Санкт-Петербург, г Санкт-Петербург, ул Боткинская, 1","59,9578","30,3556",Санкт-Петербург,Шоколадница,80 баллов за 1 кг,Пластик; Бумага
Санкт-Петербург,"Санкт-Петербург, г Санкт-Петербург, ул Восстания, 1","59,9317","30,36",Санкт-Петербург,Шоколадница,80 баллов за 1 кг,Пластик; Бумага
Санкт-Петербург,"Санкт-Петербург, г Санкт-Петербург, ул Джона Рида, 1 к 1","59,9181","30,4525",Санкт-Петербург,Шоколадница,80 баллов за 1 кг,Пластик; Бумага
Санкт-Петербург,"Санкт-Петербург, г Санкт-Петербург, ул Коммуны, 36","59,951","30,5",Санкт-Петербург,Шоколадница,80 баллов за 1 кг,Пластик; Бумага
Санкт-Петербург,"Санкт-Петербург, г Санкт-Петербург, ул Марата, 22 24","59,9281","30,3539",Санкт-Петербург,Шоколадница,80 баллов за 1 кг,Пластик; Бумага
Санкт-Петербург,"Санкт-Петербург, г Санкт-Петербург, ул Новоселов, 47","59,8856","30,4725",Санкт-Петербург,Шоколадница,80 баллов за 1 кг,Пластик; Бумага
Санкт-Петербург,"Санкт-Петербург, г Санкт-Петербург, ул Рашетова, 6","60,021193","30,324741",Санкт-Петербург,Шоколадница,80 баллов за 1 кг,Пластик; Бумага
Санкт-Петербург,"Санкт-Петербург, г Санкт-Петербург, ул Софийская, 46","59,87","30,4153",Санкт-Петербург,Шоколадница,80 баллов за 1 кг,Пластик; Бумага
Санкт-Петербург,"Санкт-Петербург, г Санкт-Петербург, ул Фрунзе, 21","59,3067","30,2011",Санкт-Петербург,Шоколадница,80 баллов за 1 кг,Пластик; Бумага
Санкт-Петербург,"Санкт-Петербург, г Санкт-Петербург, ш Приморское, 4","59,9972","30,1058",Санкт-Петербург,Шоколадница,80 баллов за 1 кг,Пластик; Бумага
Саранск,"Республика Мордовия, г Саранск, ул Севастопольская, 58","54,1942","45,2244",Республика Мордовия,Шоколадница,80 баллов за 1 кг,Пластик; Бумага
Саратов,"Саратовская область, г Саратов, проезд им Радищева А.Н., 18","51,5264","46,0328",Саратовская область,Шоколадница,80 баллов за 1 кг,Пластик; Бумага
Саратов,"Саратовская область, г Саратов, ул Буровая, 9","51,3615","45,5435",Саратовская область,Шоколадница,80 баллов за 1 кг,Пластик; Бумага
Саратов,"Саратовская область, г Саратов, ул им Тархова С.Ф., 18 Б 1","51,6106","45,9831",Саратовская область,Шоколадница,80 баллов за 1 кг,Пластик; Бумага
Саратов,"Саратовская область, г Саратов, ул Московская, 164","51,540565","46,003444",Саратовская область,Шоколадница,80 баллов за 1 кг,Пластик; Бумага
Саратов,"Саратовская область, г Саратов, ул Советская, 81 85","51,5317","46,0103",Саратовская область,Шоколадница,80 баллов за 1 кг,Пластик; Бумага
Саратов,"Саратовская область, г Саратов, ш Московское, 2","51,5928","45,9475",Саратовская область,Шоколадница,80 баллов за 1 кг,Пластик; Бумага
Саров,"Нижегородская область, г Саров, ул Силкина, 34","54,0186","43,0681",Нижегородская область,Шоколадница,80 баллов за 1 кг,Пластик; Бумага
Севастополь,"Севастополь, г Севастополь, ул Горпищенко, 57","44,594507","33,562733",Севастополь,Шоколадница,80 баллов за 1 кг,Пластик; Бумага
Севастополь,"Севастополь, г Севастополь, ул Силаева Павла, 8","44,574986","33,518067",Севастополь,Шоколадница,80 баллов за 1 кг,Пластик; Бумага
Симферополь,"Республика Крым, г Симферополь, ул Шмидта, 8","44,954","34,1104",Республика Крым,Шоколадница,80 баллов за 1 кг,Пластик; Бумага
Ставрополь,"Ставропольский край, г Ставрополь, ул Гризодубовой, 32а 34","45,0406","42,0019",Ставропольский край,Шоколадница,80 баллов за 1 кг,Пластик; Бумага
Ставрополь,"Ставропольский край, г Ставрополь, ул М.Морозова, 14","45,0414","41,9583",Ставропольский край,Шоколадница,80 баллов за 1 кг,Пластик; Бумага
Ставрополь,"Ставропольский край, г Ставрополь, ул Черниговская, 4","44,9919","41,9208",Ставропольский край,Шоколадница,80 баллов за 1 кг,Пластик; Бумага
Стерлитамак,"Республика Башкортостан, г Стерлитамак, ул Худайбердина, 134","53,630834","55,929496",Республика Башкортостан,Шоколадница,80 баллов за 1 кг,Пластик; Бумага
Сургут,"Ханты-Мансийский автономный округ - Югра, г Сургут, ул Западная, 19","61,292394","73,331918",Ханты-Мансийский автономный округ - Югра,Шоколадница,80 баллов за 1 кг,Пластик; Бумага
Сургут,"Ханты-Мансийский автономный округ - Югра, г Сургут, ш Нефтеюганское, 8","61,273613","73,382591",Ханты-Мансийский автономный округ - Югра,Шоколадница,80 баллов за 1 кг,Пластик; Бумага
Сызрань,"Самарская область, г Сызрань, ул Советская, 45","53,152324","48,466639",Самарская область,Шоколадница,80 баллов за 1 кг,Пластик; Бумага
Сыктывкар,"Республика Коми, г Сыктывкар, ул Морозова, 21","61,6664","50,7969",Республика Коми,Шоколадница,80 баллов за 1 кг,Пластик; Бумага
Тамбов,"Тамбовская область, г Тамбов, ул Комиссара Московского, 64","52,721043","41,410561",Тамбовская область,Шоколадница,80 баллов за 1 кг,Пластик; Бумага
Тамбов,"Тамбовская область, г Тамбов, ул Советская, 63","52,429","41,2765",Тамбовская область,Шоколадница,80 баллов за 1 кг,Пластик; Бумага
Тверь,"Тверская область, г Тверь, пр-кт Ленина, 5","56,84746","35,81973",Тверская область,Шоколадница,80 баллов за 1 кг,Пластик; Бумага
Тверь,"Тверская область, г Тверь, ул Макарова, 12","56,8458","35,8878",Тверская область,Шоколадница,80 баллов за 1 кг,Пластик; Бумага
Тверь,"Тверская область, г Тверь, ул Паши Савельевой, 17",56,35,Тверская область,Шоколадница,80 баллов за 1 кг,Пластик; Бумага
Тверь,"Тверская область, г Тверь, ш Петербургское, 4 кор 3","56,1353","35,1358",Тверская область,Шоколадница,80 баллов за 1 кг,Пластик; Бумага
Тольятти,"Самарская область, г Тольятти, пр-кт Московский, 39","53,518918","49,258939",Самарская область,Шоколадница,80 баллов за 1 кг,Пластик; Бумага
Тольятти,"Самарская область, г Тольятти, ул Дзержинского, 62","53,536406","49,297215",Самарская область,Шоколадница,80 баллов за 1 кг,Пластик; Бумага
Тольятти,"Самарская область, г Тольятти, ул Комсомольская, 94","53,51119","49,459757",Самарская область,Шоколадница,80 баллов за 1 кг,Пластик; Бумага
Тольятти,"Самарская область, г Тольятти, ул Победы, 31","53,519842","49,424381",Самарская область,Шоколадница,80 баллов за 1 кг,Пластик; Бумага
Тольятти,"Самарская область, г Тольятти, ш Южное, 165","53,55936","49,214476",Самарская область,Шоколадница,80 баллов за 1 кг,Пластик; Бумага
Томск,"Томская область, г Томск, пр-кт Фрунзе, 57","56,475805","84,970524",Томская область,Шоколадница,80 баллов за 1 кг,Пластик; Бумага
Томск,"Томская область, г Томск, ул Нахимова, 46","56,4553","84,9747",Томская область,Шоколадница,80 баллов за 1 кг,Пластик; Бумага
Тула,"Тульская область, г Тула, ул Бундурина, 18","54,3022","37,1006",Тульская область,Шоколадница,80 баллов за 1 кг,Пластик; Бумага
Тула,"Тульская область, г Тула, ул Октябрьская, 95","54,2217","37,6256",Тульская область,Шоколадница,80 баллов за 1 кг,Пластик; Бумага
Тула,"Тульская область, г Тула, ул Фрунзе, 14","54,402058","37,364482",Тульская область,Шоколадница,80 баллов за 1 кг,Пластик; Бумага
Тюмень,"Тюменская область, г Тюмень, ул 50 лет Октября, 57а 1","57,1406","65,5942",Тюменская область,Шоколадница,80 баллов за 1 кг,Пластик; Бумага
Тюмень,"Тюменская область, г Тюмень, ул Дружбы, 207","57,1831","65,6031",Тюменская область,Шоколадница,80 баллов за 1 кг,Пластик; Бумага
Тюмень,"Тюменская область, г Тюмень, ул Куйбышева, 43","57,1414","65,5128",Тюменская область,Шоколадница,80 баллов за 1 кг,Пластик; Бумага
Тюмень,"Тюменская область, г Тюмень, ул Мельникайте, 126","57,1242","65,5517",Тюменская область,Шоколадница,80 баллов за 1 кг,Пластик; Бумага
Тюмень,"Тюменская область, г Тюмень, ул Московский тракт, 39","57,1364","65,505",Тюменская область,Шоколадница,80 баллов за 1 кг,Пластик; Бумага
Тюмень,"Тюменская область, г Тюмень, ул Пермякова, 78","57,108891","65,598977",Тюменская область,Шоколадница,80 баллов за 1 кг,Пластик; Бумага
Тюмень,"Тюменская область, г Тюмень, ул Республики, 291","57,1028","65,6586",Тюменская область,Шоколадница,80 баллов за 1 кг,Пластик; Бумага
Тюмень,"Тюменская область, г Тюмень, ул Станционная, 20","57,0983","65,6453",Тюменская область,Шоколадница,80 баллов за 1 кг,Пластик; Бумага
Тюмень,"Тюменская область, г Тюмень, ул Червишевский тракт, 23","57,1261","65,5228",Тюменская область,Шоколадница,80 баллов за 1 кг,Пластик; Бумага
Тюмень,"Тюменская область, г Тюмень, ул Шишкова, 82","57,1928","65,5842",Тюменская область,Шоколадница,80 баллов за 1 кг,Пластик; Бумага
Улан-Удэ,"Республика Бурятия, г Улан-Удэ, ул Дорожная, 16","51,839474","107,519088",Республика Бурятия,Шоколадница,80 баллов за 1 кг,Пластик; Бумага
Улан-Удэ,"Республика Бурятия, г Улан-Удэ, ул Почтамтская, 3","51,8308","107,5861",Республика Бурятия,Шоколадница,80 баллов за 1 кг,Пластик; Бумага
Ульяновск,"Ульяновская область, г Ульяновск, ул Минаева, 16","54,305909","48,377475",Ульяновская область,Шоколадница,80 баллов за 1 кг,Пластик; Бумага
Ульяновск,"Ульяновская область, г Ульяновск, ул Севастопольская, 8","54,0681","48,1186",Ульяновская область,Шоколадница,80 баллов за 1 кг,Пластик; Бумага
Уссурийск,"Приморский край, г Уссурийск, ул Пушкина, 136","43,8003","131,9733",Приморский край,Шоколадница,80 баллов за 1 кг,Пластик; Бумага
Уфа,"Республика Башкортостан, г Уфа, пр-кт Октября, 121","54,7886","56,0353",Республика Башкортостан,Шоколадница,80 баллов за 1 кг,Пластик; Бумага
Уфа,"Республика Башкортостан, г Уфа, пр-кт Октября, 7","54,7419","55,9872",Республика Башкортостан,Шоколадница,80 баллов за 1 кг,Пластик; Бумага
Уфа,"Республика Башкортостан, г Уфа, ул Александра Невского, 22","54,815966","56,097374",Республика Башкортостан,Шоколадница,80 баллов за 1 кг,Пластик; Бумага
Уфа,"Республика Башкортостан, г Уфа, ул Ермоловой, 37","54,6972","55,8147",Республика Башкортостан,Шоколадница,80 баллов за 1 кг,Пластик; Бумага
Уфа,"Республика Башкортостан, г Уфа, ул Комсомольская, 15",54,"55,7656",Республика Башкортостан,Шоколадница,80 баллов за 1 кг,Пластик; Бумага
Уфа,"Республика Башкортостан, г Уфа, ул Мелеузовская, 27 1","54,7689","56,2236",Республика Башкортостан,Шоколадница,80 баллов за 1 кг,Пластик; Бумага
Уфа,"Республика Башкортостан, г Уфа, ул Первомайская, 55","54,8125","56,0942",Республика Башкортостан,Шоколадница,80 баллов за 1 кг,Пластик; Бумага
Уфа,"Республика Башкортостан, г Уфа, ул Российская, 84","54,7775","56,0356",Республика Башкортостан,Шоколадница,80 баллов за 1 кг,Пластик; Бумага
Уфа,"Республика Башкортостан, г Уфа, ул Энтузиастов, 10","54,3856","56,7564",Республика Башкортостан,Шоколадница,80 баллов за 1 кг,Пластик; Бумага
Хабаровск,"Хабаровский край, г Хабаровск, ул Ангарская, 2 1","48,421335","135,103289",Хабаровский край,Шоколадница,80 баллов за 1 кг,Пластик; Бумага
Хабаровск,"Хабаровский край, г Хабаровск, ул Джамбула, 81","48,496587","135,04624",Хабаровский край,Шоколадница,80 баллов за 1 кг,Пластик; Бумага
Хабаровск,"Хабаровский край, г Хабаровск, ул Королева, 8",48,135,Хабаровский край,Шоколадница,80 баллов за 1 кг,Пластик; Бумага
Хабаровск,"Хабаровский край, г Хабаровск, ул Краснореченская, 58","48,3649","135,5678",Хабаровский край,Шоколадница,80 баллов за 1 кг,Пластик; Бумага
Хабаровск,"Хабаровский край, г Хабаровск, ул Муравьева-Амурского, 40","48,4774","135,0663",Хабаровский край,Шоколадница,80 баллов за 1 кг,Пластик; Бумага
Хабаровск,"Хабаровский край, г Хабаровск, ул Флегонтова, 2","48,4343","135,1064",Хабаровский край,Шоколадница,80 баллов за 1 кг,Пластик; Бумага
Чебоксары,"Чувашская республика, г Чебоксары, проезд Базовый, 5","56,1245","47,2511",Чувашская республика,Шоколадница,80 баллов за 1 кг,Пластик; Бумага
Чебоксары,"Чувашская республика, г Чебоксары, ул Ленинского Комсомола, 40","56,1125","47,2858",Чувашская республика,Шоколадница,80 баллов за 1 кг,Пластик; Бумага
Челябинск,"Челябинская область, г Челябинск, тракт Свердловский, 14 А 1","55,2292","61,3719",Челябинская область,Шоколадница,80 баллов за 1 кг,Пластик; Бумага
Челябинск,"Челябинская область, г Челябинск, ул Бажова, 89","55,183057","61,454652",Челябинская область,Шоколадница,80 баллов за 1 кг,Пластик; Бумага
Челябинск,"Челябинская область, г Челябинск, ул Ворошилова, 35","55,1918","61,3226",Челябинская область,Шоколадница,80 баллов за 1 кг,Пластик; Бумага
Челябинск,"Челябинская область, г Челябинск, ул Котина, 3","55,179096","61,455101",Челябинская область,Шоколадница,80 баллов за 1 кг,Пластик; Бумага
Челябинск,"Челябинская область, г Челябинск, ул Молодогвардейцев, 2","55,205441","61,321814",Челябинская область,Шоколадница,80 баллов за 1 кг,Пластик; Бумага
Челябинск,"Челябинская область, г Челябинск, ул Салавата Юлаева, 20","55,1891","61,2766",Челябинская область,Шоколадница,80 баллов за 1 кг,Пластик; Бумага
Челябинск,"Челябинская область, г Челябинск, ул Худякова, 8","55,147671","61,378268",Челябинская область,Шоколадница,80 баллов за 1 кг,Пластик; Бумага
Череповец,"Вологодская область, г Череповец, ул Ленинградская, 19 20","59,09863","37,923485",Вологодская область,Шоколадница,80 баллов за 1 кг,Пластик; Бумага
Чита,"Забайкальский край, г Чита, ул Бутина, 58","52,0445","113,5109",Забайкальский край,Шоколадница,80 баллов за 1 кг,Пластик; Бумага
Чита,"Забайкальский край, г Чита, ул Олимпийская, 6","52,0888","113,43717",Забайкальский край,Шоколадница,80 баллов за 1 кг,Пластик; Бумага
Шахты,"Ростовская область, г Шахты, ул Текстильная, 4","47,7311","40,2489",Ростовская область,Шоколадница,80 баллов за 1 кг,Пластик; Бумага
Энгельс,"Саратовская область, г Энгельс, ул Маяковского, 216","51,473987","46,101024",Саратовская область,Шоколадница,80 баллов за 1 кг,Пластик; Бумага
Якутск,"Республика Саха (Якутия), г Якутск, ул Октябрьская, пр.ленина31","62,025","129,7256",Республика Саха (Якутия),Шоколадница,80 баллов за 1 кг,Пластик; Бумага
Якутск,"Республика Саха (Якутия), г Якутск, ул Чернышевского, 66","62,0083","129,72",Республика Саха (Якутия),Шоколадница,80 баллов за 1 кг,Пластик; Бумага
Ярославль,"Ярославская область, г Ярославль, пр-кт Московский, 97","57,6001","39,875",Ярославская область,Шоколадница,80 баллов за 1 кг,Пластик; Бумага
Ярославль,"Ярославская область, г Ярославль, проезд Доброхотова, 1","57,6532","39,9458",Ярославская область,Шоколадница,80 баллов за 1 кг,Пластик; Бумага
Ярославль,"Ярославская область, г Ярославль, ул Красноборская, 1","57,6522","39,935",Ярославская область,Шоколадница,80 баллов за 1 кг,Пластик; Бумага
Ярославль,"Ярославская область, г Ярославль, ул Советская, 69","57,6406","39,8749",Ярославская область,Шоколадница,80 баллов за 1 кг,Пластик; Бумага
