City,Street,Lat,Long,Rating,Note1,Partner,Bonus,Materials
Москва,"ул. Покровка, д. 8","54,886223","38,082711","4,3",Закроется в 23:00,Вкусвилл,100 бонусов за 1кг,Пластик; Бумага; Алюминий; Жесть; Стекло
Москва,"ул. Паустовского, д. 2/34","54,923631","37,444341",,Закроется в 22:00,Вкусвилл,100 бонусов за 1кг,Пластик; Бумага; Алюминий; Жесть; Стекло
д. Голубое,"ул. Трехсвятская, д. 2, стр. М","54,938731","37,404672",5,Закроется в 22:00,Вкусвилл,100 бонусов за 1кг,Пластик; Бумага; Алюминий; Жесть; Стекло
Москва,"ул. Гарибальди, д. 15","55,092303","38,768377","4,7",Закроется в 22:00,Вкусвилл,100 бонусов за 1кг,Пластик; Бумага; Алюминий; Жесть; Стекло
Москва,"ул. Корабельная, д. 17, к. 1","55,144608","37,455292","4,6",Закроется в 22:00,Вкусвилл,100 бонусов за 1кг,Пластик; Бумага; Алюминий; Жесть; Стекло
Дмитров,"ул. Константина Аверьянова, д. 3","55,148585","37,48676","4,6",Закроется в 22:00,Вкусвилл,100 бонусов за 1кг,Пластик; Бумага; Алюминий; Жесть; Стекло
Мытищи,"ул. Борисовка, д. 14","55,167493","37,463368","4,8",Закроется в 22:00,Вкусвилл,100 бонусов за 1кг,Пластик; Бумага; Алюминий; Жесть; Стекло
Мытищи,"ул. Юбилейная, д. 4","55,359343415964","37,5205909533727","4,2",Закроется в 22:00,Вкусвилл,100 бонусов за 1кг,Пластик; Бумага; Алюминий; Жесть; Стекло
Москва,"ул. Милашенкова, д. 1","55,423969","37,528298",,,Вкусвилл,100 бонусов за 1кг,Пластик; Бумага; Алюминий; Жесть; Стекло
Видное,"ул. Завидная, д. 10","55,428572","37,771337","4,5",Закроется в 22:00,Вкусвилл,100 бонусов за 1кг,Пластик; Бумага; Алюминий; Жесть; Стекло
Москва,"ш. Шелепихинское , д. 17, к. 1","55,431136","37,557843","4,4",Закроется в 23:00,Вкусвилл,100 бонусов за 1кг,Пластик; Бумага; Алюминий; Жесть; Стекло
пос. Развилка,"п. Развилка, д. 16","55,431335","36,865826","4,4",Закроется в 22:00,Вкусвилл,100 бонусов за 1кг,Пластик; Бумага; Алюминий; Жесть; Стекло
Раменское,"ул. Чугунова, д. 15а","55,438511","37,773019","4,7",Закроется в 22:00,Вкусвилл,100 бонусов за 1кг,Пластик; Бумага; Алюминий; Жесть; Стекло
Серпухов,"ул. Ворошилова, д. 140","55,502666","37,538287","4,8",Закроется в 22:00,Вкусвилл,100 бонусов за 1кг,Пластик; Бумага; Алюминий; Жесть; Стекло
Москва,"ш. Киевское 22км, д. 6, стр. 1","55,506204","36,017457",,,Вкусвилл,100 бонусов за 1кг,Пластик; Бумага; Алюминий; Жесть; Стекло
п. Нахабино,ул. Школьная 3,"55,513953","36,982472","4,8",Закроется в 21:00,Вкусвилл,100 бонусов за 1кг,Пластик; Бумага; Алюминий; Жесть; Стекло
Зеленоград,корпус 1812,"55,524355","37,513961","4,8",Закроется в 22:00,Вкусвилл,100 бонусов за 1кг,Пластик; Бумага; Алюминий; Жесть; Стекло
Москва,"п. Московский, ул. Татьянин Парк, д. 19, к. 1","55,540353","37,154787",,В апреле 2020-го откроемся!,Вкусвилл,100 бонусов за 1кг,Пластик; Бумага; Алюминий; Жесть; Стекло
Москва,"ул. 3-я Ямского Поля, д. 9","55,540648","37,721516","4,4",Закроется в 22:00,Вкусвилл,100 бонусов за 1кг,Пластик; Бумага; Алюминий; Жесть; Стекло
Москва,"ул. Земляной Вал, д. 25","55,542452","37,48428","4,2",Закроется в 22:00,Вкусвилл,100 бонусов за 1кг,Пластик; Бумага; Алюминий; Жесть; Стекло
Москва,"Зубовский бульвар , 17","55,549103","37,554232","4,8",Закроется в 22:00,Вкусвилл,100 бонусов за 1кг,Пластик; Бумага; Алюминий; Жесть; Стекло
Москва,"ул. Никулинская, д. 27Б","55,558783","37,693839",,,Вкусвилл,100 бонусов за 1кг,Пластик; Бумага; Алюминий; Жесть; Стекло
Москва,"ул. Коломенская, д. 23, к. 2","55,566155","38,197902","4,6",Закроется в 22:00,Вкусвилл,100 бонусов за 1кг,Пластик; Бумага; Алюминий; Жесть; Стекло
Москва,"ул. Поварская, д. 8/1 стр. 1","55,569138","37,489257","4,9",Закроется в 22:00,Вкусвилл,100 бонусов за 1кг,Пластик; Бумага; Алюминий; Жесть; Стекло
Москва,"ул. Шолохова, д. 30","55,569846","37,579044","4,6",Закроется в 22:00,Вкусвилл,100 бонусов за 1кг,Пластик; Бумага; Алюминий; Жесть; Стекло
Подольск,"ул. Дружбы, д. 19А","55,573933","38,258439","4,3",Закроется в 22:00,Вкусвилл,100 бонусов за 1кг,Пластик; Бумага; Алюминий; Жесть; Стекло
Красногорск,"ул. Комсомольская, д. 23","55,57576","39,525459",,,Вкусвилл,100 бонусов за 1кг,Пластик; Бумага; Алюминий; Жесть; Стекло
Москва,"ул. Земляной Вал, д. 48А","55,587087","37,673528",,,Вкусвилл,100 бонусов за 1кг,Пластик; Бумага; Алюминий; Жесть; Стекло
Королев,"ул. Горького, д. 79, к. 13","55,59191","37,754826","4,8",Закроется в 22:00,Вкусвилл,100 бонусов за 1кг,Пластик; Бумага; Алюминий; Жесть; Стекло
Москва,"ул. Кустанайская, д. 10А","55,594489","37,544449","4,7",Закроется в 21:00,Вкусвилл,100 бонусов за 1кг,Пластик; Бумага; Алюминий; Жесть; Стекло
Москва,"пер. 3-й Михалковский, д. 15, к. 1","55,595425","38,093688",,,Вкусвилл,100 бонусов за 1кг,Пластик; Бумага; Алюминий; Жесть; Стекло
Химки,"пр-т Ленинский, д. 9Б","55,595933","37,036039","4,4",Закроется в 22:00,Вкусвилл,100 бонусов за 1кг,Пластик; Бумага; Алюминий; Жесть; Стекло
Москва,"б-р Бескудниковский, д. 58, к. 2","55,598472","36,469022",,Закроется в 22:00,Вкусвилл,100 бонусов за 1кг,Пластик; Бумага; Алюминий; Жесть; Стекло
Москва,"ул. Мироновская, д. 18","55,59899","37,516269","4,5",Закроется в 22:00,Вкусвилл,100 бонусов за 1кг,Пластик; Бумага; Алюминий; Жесть; Стекло
Чехов,ул.Чехова 3,"55,599555","38,087328","4,7",Закроется в 22:00,Вкусвилл,100 бонусов за 1кг,Пластик; Бумага; Алюминий; Жесть; Стекло
Королев,"проспект Королева, д. 20","55,601427","37,714599","4,7",Закроется в 22:00,Вкусвилл,100 бонусов за 1кг,Пластик; Бумага; Алюминий; Жесть; Стекло
Одинцово,"ул. Сколковская, д. 3А","55,60312","37,541368",,Закроется в 22:00,Вкусвилл,100 бонусов за 1кг,Пластик; Бумага; Алюминий; Жесть; Стекло
Москва,"ул. Воронежская, д. 16","55,603446","37,662506",,,Вкусвилл,100 бонусов за 1кг,Пластик; Бумага; Алюминий; Жесть; Стекло
Москва,"ул. р.п. Киевский, д. 23Б","55,608363","37,976108","4,9",Закроется в 22:00,Вкусвилл,100 бонусов за 1кг,Пластик; Бумага; Алюминий; Жесть; Стекло
Москва,"ул. Верхние поля, д. 11, стр. 2","55,609985","37,73262",,,Вкусвилл,100 бонусов за 1кг,Пластик; Бумага; Алюминий; Жесть; Стекло
Москва,"ул. Маршала Бирюзова, д. 24","55,612182","37,607026","4,3",Закроется в 22:00,Вкусвилл,100 бонусов за 1кг,Пластик; Бумага; Алюминий; Жесть; Стекло
Москва,"ул. Чертановская, д. 59","55,618445","37,602463",,Закроется в 22:00,Вкусвилл,100 бонусов за 1кг,Пластик; Бумага; Алюминий; Жесть; Стекло
Москва,"ул. Барклая, д. 7, к. 1","55,618928","37,753362","4,8",Закроется в 22:00,Вкусвилл,100 бонусов за 1кг,Пластик; Бумага; Алюминий; Жесть; Стекло
Пушкино,"ул. Набережная, д. 35, к. 3","55,628418","38,039978","4,9",Закроется в 22:00,Вкусвилл,100 бонусов за 1кг,Пластик; Бумага; Алюминий; Жесть; Стекло
Москва,"ул. Профсоюзная, д. 32, к. 1","55,629537","37,340739",,,Вкусвилл,100 бонусов за 1кг,Пластик; Бумага; Алюминий; Жесть; Стекло
Москва,"ул. Барклая, д. 12","55,631519","37,516368",,,Вкусвилл,100 бонусов за 1кг,Пластик; Бумага; Алюминий; Жесть; Стекло
Королев,"ул. Горького, д. 6А стр.2","55,63282","37,484846","4,6",Закроется в 22:00,Вкусвилл,100 бонусов за 1кг,Пластик; Бумага; Алюминий; Жесть; Стекло
Дубна,"г. Дубна, пр-т Боголюбова, д. 45","55,633816","37,431936",,Закроется в 22:00,Вкусвилл,100 бонусов за 1кг,Пластик; Бумага; Алюминий; Жесть; Стекло
Химки,"ул. Овражная, вл.22","55,636971","37,769253",,Спешим открыться 16 ноября!,Вкусвилл,100 бонусов за 1кг,Пластик; Бумага; Алюминий; Жесть; Стекло
Москва,"г. Москва, Маршала Бирюзова, 16","55,637393","37,600388","4,8",Закроется в 22:00,Вкусвилл,100 бонусов за 1кг,Пластик; Бумага; Алюминий; Жесть; Стекло
Москва,"Ленинский проспект, д. 123, к. 1","55,639176","37,513008",,,Вкусвилл,100 бонусов за 1кг,Пластик; Бумага; Алюминий; Жесть; Стекло
Красногорск,"б-р Павшинский , д. 7","55,643109","37,486311","4,5",Закроется в 22:00,Вкусвилл,100 бонусов за 1кг,Пластик; Бумага; Алюминий; Жесть; Стекло
Москва,"ул. Саянская, д. 6а","55,64476","37,510287","4,6",Закроется в 22:00,Вкусвилл,100 бонусов за 1кг,Пластик; Бумага; Алюминий; Жесть; Стекло
Кубинка,Нарофоминское шоссе д5,"55,645959","37,519395","4,6",Закроется в 22:00,Вкусвилл,100 бонусов за 1кг,Пластик; Бумага; Алюминий; Жесть; Стекло
Москва,"ул. Строителей, д. 11 к. 1","55,648072","37,537236","4,7",Закроется в 22:00,Вкусвилл,100 бонусов за 1кг,Пластик; Бумага; Алюминий; Жесть; Стекло
Лобня,"ул. Ленина, д. 18","55,649997","37,618776",,Спешим открыться 30 ноября!,Вкусвилл,100 бонусов за 1кг,Пластик; Бумага; Алюминий; Жесть; Стекло
Москва,"Пролетарский пр-т, д. 23","55,652578","37,396865","4,5",Закроется в 23:00,Вкусвилл,100 бонусов за 1кг,Пластик; Бумага; Алюминий; Жесть; Стекло
Москва,"ш. Дмитровское, д. 13А","55,653228","37,525001",,,Вкусвилл,100 бонусов за 1кг,Пластик; Бумага; Алюминий; Жесть; Стекло
Одинцово,б-р Маршала Крылова 25А,"55,653934","37,591934","4,8",Закроется в 22:00,Вкусвилл,100 бонусов за 1кг,Пластик; Бумага; Алюминий; Жесть; Стекло
Балашиха,"ул. Октябрьская, д. 17","55,654051","37,649004",,Откроемся этой осенью!,Вкусвилл,100 бонусов за 1кг,Пластик; Бумага; Алюминий; Жесть; Стекло
Москва,"Профсоюзная, д. 22/10, к. 1","55,657092245659","37,4259856097869","4,7",Закроется в 22:00,Вкусвилл,100 бонусов за 1кг,Пластик; Бумага; Алюминий; Жесть; Стекло
Москва,"ул. Маршала Василевского, д. 17","55,658185","37,922766","4,5",Закроется в 23:00,Вкусвилл,100 бонусов за 1кг,Пластик; Бумага; Алюминий; Жесть; Стекло
Сергиев Посад,"ул. Дружбы, д. 9а","55,658484","37,471345","4,8",Закроется в 22:00,Вкусвилл,100 бонусов за 1кг,Пластик; Бумага; Алюминий; Жесть; Стекло
Лобня,"г. Лобня, ул. Ленина д.67","55,65917","37,491359","4,6",Закроется в 22:00,Вкусвилл,100 бонусов за 1кг,Пластик; Бумага; Алюминий; Жесть; Стекло
Наро-Фоминск,"ул.Войкова, д. 3.","55,659434","37,747091","4,9",Закроется в 22:00,Вкусвилл,100 бонусов за 1кг,Пластик; Бумага; Алюминий; Жесть; Стекло
Москва,"ул. Маршала Катукова, д. 11","55,662334","37,605715","4,7",Закроется в 22:00,Вкусвилл,100 бонусов за 1кг,Пластик; Бумага; Алюминий; Жесть; Стекло
Москва,"б-р Волжский, д. 114А, к. 9","55,66567","37,747406",,,Вкусвилл,100 бонусов за 1кг,Пластик; Бумага; Алюминий; Жесть; Стекло
Москва,"ул. Нагатинская, д. 15, к. 1","55,668447","37,533831","4,7",Закроется в 22:00,Вкусвилл,100 бонусов за 1кг,Пластик; Бумага; Алюминий; Жесть; Стекло
Москва,"Москва, ул. Бутлерова, д. 4","55,669386","37,451393",,Закроется в 22:00,Вкусвилл,100 бонусов за 1кг,Пластик; Бумага; Алюминий; Жесть; Стекло
Королев,"ул. Октябрьская, д. 12/2","55,669554","37,588871","4,4",Закроется в 22:00,Вкусвилл,100 бонусов за 1кг,Пластик; Бумага; Алюминий; Жесть; Стекло
Раменское,"ул. Лучистая, д. 9","55,672397","37,85515","4,6",Закроется в 22:00,Вкусвилл,100 бонусов за 1кг,Пластик; Бумага; Алюминий; Жесть; Стекло
Лыткарино,"ул. микрорайон №5, квартал 2, д. 7а","55,672641","37,568461",,Спешим открыться совсем скоро!,Вкусвилл,100 бонусов за 1кг,Пластик; Бумага; Алюминий; Жесть; Стекло
п. Сосенское,"Коммунарка, д. 31А","55,673184","37,750442","4,8",Закроется в 22:00,Вкусвилл,100 бонусов за 1кг,Пластик; Бумага; Алюминий; Жесть; Стекло
Железнодорожный,"ул. Маяковского, д. 14","55,67492","37,270436","4,6",Закроется в 23:45,Вкусвилл,100 бонусов за 1кг,Пластик; Бумага; Алюминий; Жесть; Стекло
Звенигород,"мкр. Супонево, д. 3А","55,676585","37,692384","4,8",Закроется в 22:00,Вкусвилл,100 бонусов за 1кг,Пластик; Бумага; Алюминий; Жесть; Стекло
Москва,"ш. Ярославское, д. 135","55,676702","37,56026",,,Вкусвилл,100 бонусов за 1кг,Пластик; Бумага; Алюминий; Жесть; Стекло
Зеленоград,корпус 234А,"55,678204","37,603406","4,7",Закроется в 22:00,Вкусвилл,100 бонусов за 1кг,Пластик; Бумага; Алюминий; Жесть; Стекло
Зеленоград,"Яблоневая аллея, д. 2","55,679113","37,283875","4,5",Закроется в 22:00,Вкусвилл,100 бонусов за 1кг,Пластик; Бумага; Алюминий; Жесть; Стекло
Москва,"ул. Маршала Савицкого, д. 26, к. 2","55,67991","37,641845",,"Делаем все возможное, чтобы открыться как можно скорее!",Вкусвилл,100 бонусов за 1кг,Пластик; Бумага; Алюминий; Жесть; Стекло
Видное,"б-р Зеленые аллеи, д. 2","55,680955","37,565362","4,6",Закроется в 22:00,Вкусвилл,100 бонусов за 1кг,Пластик; Бумага; Алюминий; Жесть; Стекло
Серпухов,"ш. Московское, д. 51","55,6819074935974","37,6964329656063","4,7",Закроется в 22:00,Вкусвилл,100 бонусов за 1кг,Пластик; Бумага; Алюминий; Жесть; Стекло
Москва,"ул. Енисейская, д. 11","55,682392","37,855572","4,7",Закроется в 22:00,Вкусвилл,100 бонусов за 1кг,Пластик; Бумага; Алюминий; Жесть; Стекло
Москва,"ул. Авангардная, д. 16","55,682463","37,702589","4,8",Закроется в 22:00,Вкусвилл,100 бонусов за 1кг,Пластик; Бумага; Алюминий; Жесть; Стекло
Видное,"ул. Радужная, д. 2","55,686239","37,303926","4,7",Закроется в 22:00,Вкусвилл,100 бонусов за 1кг,Пластик; Бумага; Алюминий; Жесть; Стекло
Подольск,ул. Советская 22/49,"55,687304","37,918589","4,7",Закроется в 21:00,Вкусвилл,100 бонусов за 1кг,Пластик; Бумага; Алюминий; Жесть; Стекло
Москва,"пр-т Мичуринский, д. 16","55,687406","37,543264",,,Вкусвилл,100 бонусов за 1кг,Пластик; Бумага; Алюминий; Жесть; Стекло
Балашиха,"ул. Смельчак, д. 17","55,688862","37,912202",,Спешим открыться 25 октября!,Вкусвилл,100 бонусов за 1кг,Пластик; Бумага; Алюминий; Жесть; Стекло
Жуковский,ул. Гудкова 21,"55,69112","37,727921","4,8",Закроется в 22:00,Вкусвилл,100 бонусов за 1кг,Пластик; Бумага; Алюминий; Жесть; Стекло
Москва,"ул. Куусинена, д. 4, корп. 1","55,691384","37,862094","4,8",Закроется в 23:00,Вкусвилл,100 бонусов за 1кг,Пластик; Бумага; Алюминий; Жесть; Стекло
Москва,"ул. Римского-Корсакова, д. 18","55,696001","37,335627","4,6",Закроется в 22:00,Вкусвилл,100 бонусов за 1кг,Пластик; Бумага; Алюминий; Жесть; Стекло
Москва,"пос.Первомайское, ул.Рабочая, д. 11, стр. 2","55,697732","37,786132",,Спешим открыться как можно скорее!,Вкусвилл,100 бонусов за 1кг,Пластик; Бумага; Алюминий; Жесть; Стекло
Красногорск,"б-р Павшинский, д. 30","55,697879","37,961897","4,3",Закроется в 22:00,Вкусвилл,100 бонусов за 1кг,Пластик; Бумага; Алюминий; Жесть; Стекло
Ступино,"ул. Андропова, д. 35","55,700233","37,892412","4,7",Закроется в 22:00,Вкусвилл,100 бонусов за 1кг,Пластик; Бумага; Алюминий; Жесть; Стекло
Москва,"ш. Рублевское, д. 62","55,701364","37,751529",,,Вкусвилл,100 бонусов за 1кг,Пластик; Бумага; Алюминий; Жесть; Стекло
Люберцы,"пр-т Победы, д. 10/18","55,703119","37,506047",,,Вкусвилл,100 бонусов за 1кг,Пластик; Бумага; Алюминий; Жесть; Стекло
Москва,"ул. Дубнинская, д. 2, к. 2","55,703256","37,9199","4,7",Закроется в 22:00,Вкусвилл,100 бонусов за 1кг,Пластик; Бумага; Алюминий; Жесть; Стекло
Электроугли,"ул. Школьная, д. 38","55,703505","37,662713",5,Закроется в 21:00,Вкусвилл,100 бонусов за 1кг,Пластик; Бумага; Алюминий; Жесть; Стекло
Раменское,"ул. Космонавтов, д. 1В к.","55,704042","37,46114","4,5",Закроется в 21:00,Вкусвилл,100 бонусов за 1кг,Пластик; Бумага; Алюминий; Жесть; Стекло
Москва,"ул. Голубинская, д. 32/2","55,704555","37,321299","4,9",Закроется в 22:00,Вкусвилл,100 бонусов за 1кг,Пластик; Бумага; Алюминий; Жесть; Стекло
Люберцы,"Октябрьский пр-т, д. 304","55,704803","37,576232","4,7",Закроется в 22:00,Вкусвилл,100 бонусов за 1кг,Пластик; Бумага; Алюминий; Жесть; Стекло
Москва,"г. Москва, Усачева, 29к1","55,705239","37,763108","4,6",Закроется в 23:45,Вкусвилл,100 бонусов за 1кг,Пластик; Бумага; Алюминий; Жесть; Стекло
Москва,"Авиамоторная, 10к1","55,705924","37,931749","4,6",Закроется в 23:45,Вкусвилл,100 бонусов за 1кг,Пластик; Бумага; Алюминий; Жесть; Стекло
Москва,"ст. Бирюлёво-Тов., ул. Элеваторная, д. 12, корп. 2","55,708587","37,58667","4,6",Закроется в 22:00,Вкусвилл,100 бонусов за 1кг,Пластик; Бумага; Алюминий; Жесть; Стекло
Домодедово,"ул. Кирова, д. 9, корп. 1","55,715297","37,676906","4,6",Закроется в 21:30,Вкусвилл,100 бонусов за 1кг,Пластик; Бумага; Алюминий; Жесть; Стекло
Клин,"ул. Миши Балакирева, д. 6\24, помещение 2А","55,716286","37,660368","4,5",Закроется в 22:00,Вкусвилл,100 бонусов за 1кг,Пластик; Бумага; Алюминий; Жесть; Стекло
Москва,"проспект Комсомольский, д. 17","55,7177899095394","37,4614251534423","4,1",Закроется в 22:00,Вкусвилл,100 бонусов за 1кг,Пластик; Бумага; Алюминий; Жесть; Стекло
Москва,"ул. Большая Филевская, д. 4","55,717847","37,512191","4,7",Закроется в 23:00,Вкусвилл,100 бонусов за 1кг,Пластик; Бумага; Алюминий; Жесть; Стекло
Москва,"ул. Молостовых, д. 3Б","55,732413","37,640857","4,5",Закроется в 22:00,Вкусвилл,100 бонусов за 1кг,Пластик; Бумага; Алюминий; Жесть; Стекло
Москва,"район Куркино, ул. Соколово-Мещерская, д. 25","55,732509","37,636841","4,6",Закроется в 22:00,Вкусвилл,100 бонусов за 1кг,Пластик; Бумага; Алюминий; Жесть; Стекло
Москва,"пер. Новоподмосковный 2-й, д. 3","55,73296","37,663099","4,7",Закроется в 22:00,Вкусвилл,100 бонусов за 1кг,Пластик; Бумага; Алюминий; Жесть; Стекло
Долгопрудный,"пр-т Ракетостроителей, д. 1","55,734597","37,831964","4,5",Закроется в 22:00,Вкусвилл,100 бонусов за 1кг,Пластик; Бумага; Алюминий; Жесть; Стекло
Москва,"Ленинский проспект, д. 7","55,737061","37,468183","4,5",Закроется в 22:00,Вкусвилл,100 бонусов за 1кг,Пластик; Бумага; Алюминий; Жесть; Стекло
Москва,"ул. 1-я Останкинская, д. 23","55,737076","37,525854","4,4",Закроется в 22:00,Вкусвилл,100 бонусов за 1кг,Пластик; Бумага; Алюминий; Жесть; Стекло
Раменское,"ш. Северное, д. 4","55,738216","37,829171","4,6",Закроется в 22:00,Вкусвилл,100 бонусов за 1кг,Пластик; Бумага; Алюминий; Жесть; Стекло
Москва,"ул. Академика Виноградова, д. 5","55,738916","37,584649",,,Вкусвилл,100 бонусов за 1кг,Пластик; Бумага; Алюминий; Жесть; Стекло
Москва,"проспект Ленинградский, д. 62","55,740588","37,501285","4,8",Закроется в 22:00,Вкусвилл,100 бонусов за 1кг,Пластик; Бумага; Алюминий; Жесть; Стекло
Москва,"ул. 8 Марта, д. 8, к. 1","55,741698","37,593542",,,Вкусвилл,100 бонусов за 1кг,Пластик; Бумага; Алюминий; Жесть; Стекло
Москва,"пр-т Маршала Жукова, д. 39, к. 1","55,742656","37,653218",,,Вкусвилл,100 бонусов за 1кг,Пластик; Бумага; Алюминий; Жесть; Стекло
Москва,"б-р Андрея Тарковского, д. 1","55,742975","37,492419",,,Вкусвилл,100 бонусов за 1кг,Пластик; Бумага; Алюминий; Жесть; Стекло
Чехов,"ул. Земская, д. 3","55,745103","36,87684","4,9",Закроется в 22:00,Вкусвилл,100 бонусов за 1кг,Пластик; Бумага; Алюминий; Жесть; Стекло
Королев,"мкр-н Болшево, Станционная площадь, д. 4 лит. Б","55,745184","37,789573","4,7",Закроется в 22:00,Вкусвилл,100 бонусов за 1кг,Пластик; Бумага; Алюминий; Жесть; Стекло
Раменское,"ул.Михалевича, д.5","55,747424","37,70708","4,5",Закроется в 21:00,Вкусвилл,100 бонусов за 1кг,Пластик; Бумага; Алюминий; Жесть; Стекло
Шатура,"пр-т Ильича, д. 55","55,749927","37,71883","4,9",Закроется в 22:00,Вкусвилл,100 бонусов за 1кг,Пластик; Бумага; Алюминий; Жесть; Стекло
п. Тучково,"ул. Партизан, д. 15/2","55,7509","38,002276",,Закроется в 22:00,Вкусвилл,100 бонусов за 1кг,Пластик; Бумага; Алюминий; Жесть; Стекло
Химки,"ул. Новозаводская, д. 10А","55,750945","37,596525","4,8",Закроется в 22:00,Вкусвилл,100 бонусов за 1кг,Пластик; Бумага; Алюминий; Жесть; Стекло
Павловский Посад,"ул. Герцена, д. 12","55,751492","38,117494",,Спешим открыться 26 октября!,Вкусвилл,100 бонусов за 1кг,Пластик; Бумага; Алюминий; Жесть; Стекло
Москва,"Совхозная, д.41","55,751959","38,009202","4,5",Закроется в 23:45,Вкусвилл,100 бонусов за 1кг,Пластик; Бумага; Алюминий; Жесть; Стекло
Москва,"ул. Игральная, д. 10","55,753109","37,590192","4,6",Закроется в 22:00,Вкусвилл,100 бонусов за 1кг,Пластик; Бумага; Алюминий; Жесть; Стекло
Балашиха,"ул. Свердлова, д. 23","55,753686","37,513143",,Уже скоро на один магазин в Балашихе станет больше!,Вкусвилл,100 бонусов за 1кг,Пластик; Бумага; Алюминий; Жесть; Стекло
Видное,"Советский пр., д.4","55,754355","37,831362","4,9",Закроется в 22:00,Вкусвилл,100 бонусов за 1кг,Пластик; Бумага; Алюминий; Жесть; Стекло
Москва,"ул. Лебедянская, д. 19, к. 1","55,755074","37,954764",,,Вкусвилл,100 бонусов за 1кг,Пластик; Бумага; Алюминий; Жесть; Стекло
Москва,"ул. 26 Бакинских Комиссаров, д. 8, корп. 2","55,75511","37,656523","4,6",Закроется в 22:00,Вкусвилл,100 бонусов за 1кг,Пластик; Бумага; Алюминий; Жесть; Стекло
Москва,"105005, Москва г, Фридриха Энгельса ул, дом № 3-5, строение 4","55,757379","37,697837",,Спешим открыться 8 октября!,Вкусвилл,100 бонусов за 1кг,Пластик; Бумага; Алюминий; Жесть; Стекло
Балашиха,"микрорайон 1 Мая, д. 17","55,759086","37,521093","4,5",Закроется в 22:00,Вкусвилл,100 бонусов за 1кг,Пластик; Бумага; Алюминий; Жесть; Стекло
Москва,"б-р Смоленский, д. 1/2","55,759608","37,658275","4,4",Закроется в 22:00,Вкусвилл,100 бонусов за 1кг,Пластик; Бумага; Алюминий; Жесть; Стекло
Москва,"ул. Миля Авиаконструктора, д. 14","55,759856","37,610548","4,8",Закроется в 22:00,Вкусвилл,100 бонусов за 1кг,Пластик; Бумага; Алюминий; Жесть; Стекло
Москва,"ул. Митинская, д. 36","55,761315","37,650603","4,7",Закроется в 23:45,Вкусвилл,100 бонусов за 1кг,Пластик; Бумага; Алюминий; Жесть; Стекло
Москва,"ул. Верхняя Масловка, д.21","55,761381","37,570186","4,6",Закроется в 23:45,Вкусвилл,100 бонусов за 1кг,Пластик; Бумага; Алюминий; Жесть; Стекло
Мытищи,ул. Фабричная 6А,"55,762753","37,600253","4,8",Закроется в 22:00,Вкусвилл,100 бонусов за 1кг,Пластик; Бумага; Алюминий; Жесть; Стекло
Москва,"ул. Радиальная 6-ая, д. 5, к. 4","55,764187","37,656092",,,Вкусвилл,100 бонусов за 1кг,Пластик; Бумага; Алюминий; Жесть; Стекло
Домодедово,"пр-т Академика Туполева, д. 2","55,765281","37,485987","4,8",Закроется в 22:00,Вкусвилл,100 бонусов за 1кг,Пластик; Бумага; Алюминий; Жесть; Стекло
Красногорск,"ул. Вокзальная, д. 20","55,766212","37,380875",,,Вкусвилл,100 бонусов за 1кг,Пластик; Бумага; Алюминий; Жесть; Стекло
Москва,"пл. Семеновская, д. 7, к. 17","55,766309","37,590623","4,7",Закроется в 22:00,Вкусвилл,100 бонусов за 1кг,Пластик; Бумага; Алюминий; Жесть; Стекло
Москва,"ул. Авиамоторная, д. 47","55,767924","37,648412","4,5",Закроется в 22:00,Вкусвилл,100 бонусов за 1кг,Пластик; Бумага; Алюминий; Жесть; Стекло
Балашиха,"пр-т Ленина, д. 72","55,768324","38,43088","4,8",Закроется в 22:00,Вкусвилл,100 бонусов за 1кг,Пластик; Бумага; Алюминий; Жесть; Стекло
Москва,"ш. Каширское, д. 26, к. 2","55,769717","37,407492",,,Вкусвилл,100 бонусов за 1кг,Пластик; Бумага; Алюминий; Жесть; Стекло
Орехово-Зуево,"ул. Бирюкова, д. 2","55,770552","37,622657","4,7",Закроется в 22:00,Вкусвилл,100 бонусов за 1кг,Пластик; Бумага; Алюминий; Жесть; Стекло
Москва,"ул. Судакова, д. 17","55,771287","37,846831",,Закроется в 22:00,Вкусвилл,100 бонусов за 1кг,Пластик; Бумага; Алюминий; Жесть; Стекло
Москва,"ул. Ботаническая, д. 27","55,771459","37,632898","4,7",Закроется в 22:00,Вкусвилл,100 бонусов за 1кг,Пластик; Бумага; Алюминий; Жесть; Стекло
Москва,Осенний бульвар д. 7 к.1,"55,771808","37,603577","4,8",Закроется в 23:30,Вкусвилл,100 бонусов за 1кг,Пластик; Бумага; Алюминий; Жесть; Стекло
Москва,"ш. Варшавское, д. 86А","55,771915","37,679799",,,Вкусвилл,100 бонусов за 1кг,Пластик; Бумага; Алюминий; Жесть; Стекло
Москва,"ш. Челобитьевское, д. 12, к. 4","55,773044","37,63288",,,Вкусвилл,100 бонусов за 1кг,Пластик; Бумага; Алюминий; Жесть; Стекло
п. ВНИИССОК,"ул. Березовая, д. 6","55,774948","37,67298","4,8",Закроется в 23:00,Вкусвилл,100 бонусов за 1кг,Пластик; Бумага; Алюминий; Жесть; Стекло
Москва,"пр-т Ленинградский, д. 27","55,774988","37,627687",,,Вкусвилл,100 бонусов за 1кг,Пластик; Бумага; Алюминий; Жесть; Стекло
Мытищи,Олимпийский проспект д. 21 к1,"55,7756080627441","37,6429786682129","4,8",Закроется в 22:00,Вкусвилл,100 бонусов за 1кг,Пластик; Бумага; Алюминий; Жесть; Стекло
Москва,"ул. Куусинена, д. 4а, к. 1","55,777054","38,671575",,,Вкусвилл,100 бонусов за 1кг,Пластик; Бумага; Алюминий; Жесть; Стекло
Одинцово,ул. Маковского 2а,"55,780203","37,633949","4,4",Закроется в 23:30,Вкусвилл,100 бонусов за 1кг,Пластик; Бумага; Алюминий; Жесть; Стекло
Москва,"ул. Братеевская, д. 37, к. 1","55,780279","37,516602",,,Вкусвилл,100 бонусов за 1кг,Пластик; Бумага; Алюминий; Жесть; Стекло
Красногорск,"ш. Ильинское, д. 1А","55,781626","37,580894","4,7",Закроется в 22:00,Вкусвилл,100 бонусов за 1кг,Пластик; Бумага; Алюминий; Жесть; Стекло
Жуковский,"ул. Гудкова, д. 3Б","55,78197","37,670115","4,9",Спешим открыться после ремонта 15 октября,Вкусвилл,100 бонусов за 1кг,Пластик; Бумага; Алюминий; Жесть; Стекло
Москва,"п. Кокошкино ул. Школьная, д. 1","55,783109","37,632763","4,8",Закроется в 22:00,Вкусвилл,100 бонусов за 1кг,Пластик; Бумага; Алюминий; Жесть; Стекло
Краснознаменск,"ул. Победы, д. 13 А","55,783605","37,721292","4,8",Закроется в 22:00,Вкусвилл,100 бонусов за 1кг,Пластик; Бумага; Алюминий; Жесть; Стекло
Подольск,"ул. Клемента Готвальда, д. 6а","55,784","37,63562","4,8",Возобновим работу в сентябре!,Вкусвилл,100 бонусов за 1кг,Пластик; Бумага; Алюминий; Жесть; Стекло
Москва,"ул. Смоленская, д. 6","55,787356","37,682835",,Закроется в 22:00,Вкусвилл,100 бонусов за 1кг,Пластик; Бумага; Алюминий; Жесть; Стекло
Одинцово,"ул. Чистяковой, д. 62","55,790661","37,886447","4,7",Закроется в 22:00,Вкусвилл,100 бонусов за 1кг,Пластик; Бумага; Алюминий; Жесть; Стекло
Красноармейск,"пр-т Ленина, д. 8А","55,792837","37,491512",,Закроется в 22:00,Вкусвилл,100 бонусов за 1кг,Пластик; Бумага; Алюминий; Жесть; Стекло
Москва,"1-я Бухвостова, 12/11к20","55,79303","37,936771","4,4",Закроется в 22:00,Вкусвилл,100 бонусов за 1кг,Пластик; Бумага; Алюминий; Жесть; Стекло
Лобня,"ул. Московская, д. 9","55,797215","37,794603",,Спешим открыться 1 октября!,Вкусвилл,100 бонусов за 1кг,Пластик; Бумага; Алюминий; Жесть; Стекло
Москва,"ул. Зои и Александра Космодемьянских, д. 17/2","55,79895","37,567671","4,5",Закроется в 22:00,Вкусвилл,100 бонусов за 1кг,Пластик; Бумага; Алюминий; Жесть; Стекло
Москва,"ул. Мичуринский Проспект, Олимпийская Деревня, д. 4, к. 2","55,800387","37,50398","4,6",Закроется в 22:00,Вкусвилл,100 бонусов за 1кг,Пластик; Бумага; Алюминий; Жесть; Стекло
Москва,"ул. Трофимова, д. 3","55,8015740981082","37,9828228809505","4,6",Закроется в 22:00,Вкусвилл,100 бонусов за 1кг,Пластик; Бумага; Алюминий; Жесть; Стекло
Москва,"ул. Новочеремушкинская, д. 24","55,803651","37,824679","4,7",Закроется в 22:00,Вкусвилл,100 бонусов за 1кг,Пластик; Бумага; Алюминий; Жесть; Стекло
Москва,"ул. Верхняя Радищевская, д. 22","55,806444","37,842897","4,4",Закроется в 22:00,Вкусвилл,100 бонусов за 1кг,Пластик; Бумага; Алюминий; Жесть; Стекло
пгт. Селятино,"Наро-Фоминский район, пос. Селятино, ул. Спортивная,7","55,807395","37,580535","4,7",Закроется в 21:00,Вкусвилл,100 бонусов за 1кг,Пластик; Бумага; Алюминий; Жесть; Стекло
Королев,"Проспект Космонавтов, д. 33, корп. 1","55,808923","37,462317","4,8",Закроется в 22:00,Вкусвилл,100 бонусов за 1кг,Пластик; Бумага; Алюминий; Жесть; Стекло
Зеленоград,корпус 1406,"55,810425","37,704799","4,8",Закроется в 22:00,Вкусвилл,100 бонусов за 1кг,Пластик; Бумага; Алюминий; Жесть; Стекло
Москва,"ул. Дегунинская, д. 10, к. 1","55,811103","37,730006","4,6",Закроется в 22:00,Вкусвилл,100 бонусов за 1кг,Пластик; Бумага; Алюминий; Жесть; Стекло
Москва,"ул. Летчика Бабушкина, д. 31","55,8130574217249","38,9671040171965",,Закроется в 22:00,Вкусвилл,100 бонусов за 1кг,Пластик; Бумага; Алюминий; Жесть; Стекло
Москва,"ул. Большая Спасская , д. 8а, стр. 1","55,813663","37,338996",,,Вкусвилл,100 бонусов за 1кг,Пластик; Бумага; Алюминий; Жесть; Стекло
Дубна,"ул. Понтекорво, д. 14","55,8160607790703","37,7149951878356","4,7",Закроется в 22:00,Вкусвилл,100 бонусов за 1кг,Пластик; Бумага; Алюминий; Жесть; Стекло
Подольск,"ул. Садовая, д. 3, к. 3","55,817183","37,318658",5,Закроется в 22:00,Вкусвилл,100 бонусов за 1кг,Пластик; Бумага; Алюминий; Жесть; Стекло
п. Нахабино,"пгт.Нахабино, ул.Институтская, д.25","55,818159","37,340514","4,6",Закроется в 22:00,Вкусвилл,100 бонусов за 1кг,Пластик; Бумага; Алюминий; Жесть; Стекло
Мытищи,"ул. Кадомцева, д. 6","55,820683","37,525872","4,5",Закроется в 22:00,Вкусвилл,100 бонусов за 1кг,Пластик; Бумага; Алюминий; Жесть; Стекло
Москва,"ул. Большая Серпуховская , д. 50/2 стр. 1","55,820723","37,873952","4,3",Закроется в 22:00,Вкусвилл,100 бонусов за 1кг,Пластик; Бумага; Алюминий; Жесть; Стекло
Подольск,"б-р Бородинский, д. 12","55,821371","37,587946",4,Закроется в 22:00,Вкусвилл,100 бонусов за 1кг,Пластик; Бумага; Алюминий; Жесть; Стекло
Люберцы,"ул. Вертолетная, д. 42","55,82263","37,368272","4,5",Закроется в 22:00,Вкусвилл,100 бонусов за 1кг,Пластик; Бумага; Алюминий; Жесть; Стекло
Москва,"Маршала Захарова, д.16 к 2","55,822837","37,75726","4,7",Закроется в 22:00,Вкусвилл,100 бонусов за 1кг,Пластик; Бумага; Алюминий; Жесть; Стекло
Москва,"ул. Космонавтов, д. 12","55,824127","37,969892","4,7",Закроется в 22:00,Вкусвилл,100 бонусов за 1кг,Пластик; Бумага; Алюминий; Жесть; Стекло
Москва,"б-р Маршала Рокоссовского, д. 4","55,824369","37,622378","4,8",Закроется в 22:00,Вкусвилл,100 бонусов за 1кг,Пластик; Бумага; Алюминий; Жесть; Стекло
Долгопрудный,"ул. Первомайская, д. 56Б","55,830498","37,453567","4,8",Закроется в 23:45,Вкусвилл,100 бонусов за 1кг,Пластик; Бумага; Алюминий; Жесть; Стекло
Одинцово,"ш. Можайское, д. 153в","55,833046","37,595123","4,8",Закроется в 22:00,Вкусвилл,100 бонусов за 1кг,Пластик; Бумага; Алюминий; Жесть; Стекло
Москва,"ул. Штурвальная , д. 3, стр. 1","55,835225","37,525809","4,8",Закроется в 22:00,Вкусвилл,100 бонусов за 1кг,Пластик; Бумага; Алюминий; Жесть; Стекло
Наро-Фоминск,"пл. Свободы, д. 2","55,840856","37,236615",,Закроется в 22:00,Вкусвилл,100 бонусов за 1кг,Пластик; Бумага; Алюминий; Жесть; Стекло
Истра,Ленина 27,"55,84443","37,362855","4,4",Закроется в 22:00,Вкусвилл,100 бонусов за 1кг,Пластик; Бумага; Алюминий; Жесть; Стекло
Щелково,пос. Чкаловский ул. Институтская 27А,"55,845501","37,438754","4,5",Закроется в 22:00,Вкусвилл,100 бонусов за 1кг,Пластик; Бумага; Алюминий; Жесть; Стекло
Королев,"Вокзальный проезд, д. 3, пом. 2","55,846118","37,363376","4,5",Закроется в 22:00,Вкусвилл,100 бонусов за 1кг,Пластик; Бумага; Алюминий; Жесть; Стекло
Москва,"Юных Ленинцев, д. 115, стр. 2","55,846628","37,445725",,,Вкусвилл,100 бонусов за 1кг,Пластик; Бумага; Алюминий; Жесть; Стекло
Подольск,ул.Кирова 54В,"55,847295","37,637569","4,7",Закроется в 22:00,Вкусвилл,100 бонусов за 1кг,Пластик; Бумага; Алюминий; Жесть; Стекло
Москва,"ул. Тверская, д. 9","55,847705","37,370581","4,2",Закроется в 22:00,Вкусвилл,100 бонусов за 1кг,Пластик; Бумага; Алюминий; Жесть; Стекло
Москва,"ул. Широкая, д. 1 к. 1","55,84918","37,520294","4,5",Закроется в 22:00,Вкусвилл,100 бонусов за 1кг,Пластик; Бумага; Алюминий; Жесть; Стекло
Москва,"пр-т Кутузовский, д. 45, стр. 1","55,851844","37,646363","4,4",Закроется в 22:00,Вкусвилл,100 бонусов за 1кг,Пластик; Бумага; Алюминий; Жесть; Стекло
Москва,"ул. Госпитальный Вал , д. 16/2","55,853213","38,441938","4,4",Закроется в 23:00,Вкусвилл,100 бонусов за 1кг,Пластик; Бумага; Алюминий; Жесть; Стекло
Электросталь,"ул. Ялагина, д. 5","55,856159","37,567509","4,5",Закроется в 22:00,Вкусвилл,100 бонусов за 1кг,Пластик; Бумага; Алюминий; Жесть; Стекло
Чехов,"ул. Первомайская, д. 33","55,858529","37,559847","4,8",Закроется в 22:00,Вкусвилл,100 бонусов за 1кг,Пластик; Бумага; Алюминий; Жесть; Стекло
Москва,"ул. Старый Гай, д. 7","55,862141","37,436634","4,1",Закроется в 22:00,Вкусвилл,100 бонусов за 1кг,Пластик; Бумага; Алюминий; Жесть; Стекло
Москва,"ул. Александры Монаховой, д. 94, к. 1","55,865263","37,661464",,,Вкусвилл,100 бонусов за 1кг,Пластик; Бумага; Алюминий; Жесть; Стекло
Балашиха,"ш. Энтузиастов, вл. 11, стр. 4","55,86547","37,537649","4,5",Закроется в 23:00,Вкусвилл,100 бонусов за 1кг,Пластик; Бумага; Алюминий; Жесть; Стекло
Москва,"ул. Большая Садовая, д. 1","55,867713","37,552741","4,3",Закроется в 22:00,Вкусвилл,100 бонусов за 1кг,Пластик; Бумага; Алюминий; Жесть; Стекло
Москва,"ул. Планерная, д. 12, к. 1","55,870435","37,675002","4,9",Закроется в 22:00,Вкусвилл,100 бонусов за 1кг,Пластик; Бумага; Алюминий; Жесть; Стекло
Подольск,"ул. Академика Доллежаля, д. 3, стр. 1","55,870642","37,641045",,Осенью откроем еще один ВкусВилл в Подольске!,Вкусвилл,100 бонусов за 1кг,Пластик; Бумага; Алюминий; Жесть; Стекло
п. Заречье,"ул. Заречная, д. 2","55,870713","37,71371","4,9",Закроется в 22:00,Вкусвилл,100 бонусов за 1кг,Пластик; Бумага; Алюминий; Жесть; Стекло
Одинцово,"Можайское шоссе, д. 79а","55,872233","37,647944","4,6",Закроется в 23:30,Вкусвилл,100 бонусов за 1кг,Пластик; Бумага; Алюминий; Жесть; Стекло
Подольск,ул. Ленинградская 17,"55,873642","37,609209","4,7",Закроется в 22:00,Вкусвилл,100 бонусов за 1кг,Пластик; Бумага; Алюминий; Жесть; Стекло
Долгопрудный,"Моск. обл., г. Долгопрудный, пр-т Пацаева, 12б.","55,873784","37,521623","4,7",Закроется в 21:00,Вкусвилл,100 бонусов за 1кг,Пластик; Бумага; Алюминий; Жесть; Стекло
Красногорск,"г. Красногорск, п. Отрадное Кленовая ул, дом № 5, помещение 15","55,874526","37,536329",,Закроется в 22:00,Вкусвилл,100 бонусов за 1кг,Пластик; Бумага; Алюминий; Жесть; Стекло
Москва,"ул. Профсоюзная, д. 128А","55,878662","37,71919",,,Вкусвилл,100 бонусов за 1кг,Пластик; Бумага; Алюминий; Жесть; Стекло
Клин,"ул. Гагарина, д. 4/10","55,879526","37,696588","4,7",Закроется в 22:00,Вкусвилл,100 бонусов за 1кг,Пластик; Бумага; Алюминий; Жесть; Стекло
Москва,"ул. Мосфильмовская, д. 53","55,880924","37,684748","4,3",Закроется в 22:00,Вкусвилл,100 бонусов за 1кг,Пластик; Бумага; Алюминий; Жесть; Стекло
Зеленоград,корпус 612,"55,888427","37,649418","4,7",Закроется в 22:00,Вкусвилл,100 бонусов за 1кг,Пластик; Бумага; Алюминий; Жесть; Стекло
Химки,ул. Московская 3,"55,88876","37,433526","4,5",Закроется в 22:00,Вкусвилл,100 бонусов за 1кг,Пластик; Бумага; Алюминий; Жесть; Стекло
Москва,"Университетский пр.,д.21 к 1","55,890058","37,587964","4,8",Закроется в 22:00,Вкусвилл,100 бонусов за 1кг,Пластик; Бумага; Алюминий; Жесть; Стекло
Балашиха,"ул. Некрасова, д. 5","55,896761","37,396775","4,7",Закроется в 22:00,Вкусвилл,100 бонусов за 1кг,Пластик; Бумага; Алюминий; Жесть; Стекло
Москва,"б-р Сиреневый, д. 69, к. 1","55,89825","37,455391","4,1",Закроется в 22:00,Вкусвилл,100 бонусов за 1кг,Пластик; Бумага; Алюминий; Жесть; Стекло
Раменское,"ул. Крымская, д. 5","55,905492","38,041694","4,5",Закроется в 22:00,Вкусвилл,100 бонусов за 1кг,Пластик; Бумага; Алюминий; Жесть; Стекло
Москва,"ул. Русаковская, д. 1","55,906592","37,728649","4,8",Закроется в 22:00,Вкусвилл,100 бонусов за 1кг,Пластик; Бумага; Алюминий; Жесть; Стекло
Можайск,"г. Можайск, ул. Красных Партизан, д. 1","55,912173","37,549902",,Спешим открыться 10 октября!,Вкусвилл,100 бонусов за 1кг,Пластик; Бумага; Алюминий; Жесть; Стекло
Москва,"Рогачёвский пер., д. 4, к. 1","55,912905","37,860064","4,5",Закроется в 22:00,Вкусвилл,100 бонусов за 1кг,Пластик; Бумага; Алюминий; Жесть; Стекло
Королев,"ул. Лесная, д. 12","55,915119","37,709488",,Зимой откроемся!,Вкусвилл,100 бонусов за 1кг,Пластик; Бумага; Алюминий; Жесть; Стекло
Москва,"пр-т Мира, д. 56, стр. 2","55,915306","37,720106","4,1",Закроется в 22:00,Вкусвилл,100 бонусов за 1кг,Пластик; Бумага; Алюминий; Жесть; Стекло
Балашиха,"ул. Адмирала Нахимова, д. 8А","55,917647","37,744459",,Спешим открыться 20 октября!,Вкусвилл,100 бонусов за 1кг,Пластик; Бумага; Алюминий; Жесть; Стекло
Москва,"ул. Академика Бакулева, д. 6","55,918348","37,883186","4,5",Закроется в 22:00,Вкусвилл,100 бонусов за 1кг,Пластик; Бумага; Алюминий; Жесть; Стекло
Москва,"ул. Большая Молчановка, д. 23, стр. 2","55,918847","37,812489",,,Вкусвилл,100 бонусов за 1кг,Пластик; Бумага; Алюминий; Жесть; Стекло
Одинцово,"ул. Маршала Неделина, д. 9","55,921243","37,848547","4,4",Закроется в 22:00,Вкусвилл,100 бонусов за 1кг,Пластик; Бумага; Алюминий; Жесть; Стекло
Москва,"ул. Чечерский проезд, д. 126","55,924088","37,725334","4,4",Закроется в 22:00,Вкусвилл,100 бонусов за 1кг,Пластик; Бумага; Алюминий; Жесть; Стекло
Солнечногорск,"ул. Красная, д. 22 а","55,924835","37,82264","4,9",Закроется в 22:00,Вкусвилл,100 бонусов за 1кг,Пластик; Бумага; Алюминий; Жесть; Стекло
Реутов,"ул. Реутовских Ополченцев, д. 2","55,933948","37,843202",,Закроется в 22:00,Вкусвилл,100 бонусов за 1кг,Пластик; Бумага; Алюминий; Жесть; Стекло
Ивантеевка,"ул. Толмачева, д. 11а","55,937185","37,497342",,Закроется в 22:00,Вкусвилл,100 бонусов за 1кг,Пластик; Бумага; Алюминий; Жесть; Стекло
Москва,ул. Шарикоподшипниковская 36\18,"55,941097","37,491099","4,4",Закроется в 23:00,Вкусвилл,100 бонусов за 1кг,Пластик; Бумага; Алюминий; Жесть; Стекло
Москва,"ул. Сеславинская, д. 24","55,942151","37,31793",,,Вкусвилл,100 бонусов за 1кг,Пластик; Бумага; Алюминий; Жесть; Стекло
Фрязино,МО г. Фрязино ул. Проспект Мира 8,"55,948725","37,498025","4,6",Закроется в 22:00,Вкусвилл,100 бонусов за 1кг,Пластик; Бумага; Алюминий; Жесть; Стекло
Москва,"пр. Одоевского, д. 11А, стр. 1","55,981414","37,162737","4,8",Закроется в 22:00,Вкусвилл,100 бонусов за 1кг,Пластик; Бумага; Алюминий; Жесть; Стекло
Москва,"ул. Академика Пилюгина , д. 18","55,981419","37,104194","4,6",Закроется в 22:00,Вкусвилл,100 бонусов за 1кг,Пластик; Бумага; Алюминий; Жесть; Стекло
Москва,ул. Ленинский проспект 87,"56,008958","37,472135","4,7",Закроется в 22:00,Вкусвилл,100 бонусов за 1кг,Пластик; Бумага; Алюминий; Жесть; Стекло
Москва,"пл. Б.Сухаревская, д. 1/2, стр. 1","56,011897","37,475046",,,Вкусвилл,100 бонусов за 1кг,Пластик; Бумага; Алюминий; Жесть; Стекло
Москва,"пр-т Нахимовский, д. 22","56,021774","37,85992","4,8",Закроется в 22:00,Вкусвилл,100 бонусов за 1кг,Пластик; Бумага; Алюминий; Жесть; Стекло
Москва,"ул. Хоромный тупик, д. 2/6","56,023731","37,421138","4,9",Закроется в 23:00,Вкусвилл,100 бонусов за 1кг,Пластик; Бумага; Алюминий; Жесть; Стекло
Москва,"ул. Народного Ополчения, д. 45","56,025351","37,474129",,,Вкусвилл,100 бонусов за 1кг,Пластик; Бумага; Алюминий; Жесть; Стекло
Москва,"ул. Крылатская, д. 33, к. 3","56,123629","38,13599",,,Вкусвилл,100 бонусов за 1кг,Пластик; Бумага; Алюминий; Жесть; Стекло
Балашиха,"мкр. Заря, ул. Маршала Батицкого, д. 12","56,175412","36,998939","4,5",Закроется в 22:00,Вкусвилл,100 бонусов за 1кг,Пластик; Бумага; Алюминий; Жесть; Стекло
Москва,"ул. Старокачаловская, д. 5, стр. а","56,738745","37,168846","4,3",Закроется в 22:00,Вкусвилл,100 бонусов за 1кг,Пластик; Бумага; Алюминий; Жесть; Стекло
Москва,"пр-т Ленинский, д. 70/11","55,083585","38,762601",,,Вкусвилл,100 бонусов за 1кг,Пластик; Бумага; Алюминий; Жесть; Стекло
Москва,"ул. Матвеевская, д. 34, к. 1","55,3703124034911","39,0599085081172","4,4",Закроется в 22:00,Вкусвилл,100 бонусов за 1кг,Пластик; Бумага; Алюминий; Жесть; Стекло
Москва,"ул. Новаторов, д. 16 к. 1","55,38572","36,744742","4,5",Закроется в 22:00,Вкусвилл,100 бонусов за 1кг,Пластик; Бумага; Алюминий; Жесть; Стекло
Москва,"ул. Свободы, д. 12/8","55,416596","37,83536","4,7",Закроется в 22:00,Вкусвилл,100 бонусов за 1кг,Пластик; Бумага; Алюминий; Жесть; Стекло
Щербинка,"ул. Барышевская Роща, д. 22","55,422952","37,488493",,Закроется в 22:00,Вкусвилл,100 бонусов за 1кг,Пластик; Бумага; Алюминий; Жесть; Стекло
Москва,"Чонгарский бульвар, д.10, к.1","55,424735","37,494889","4,5",Закроется в 22:00,Вкусвилл,100 бонусов за 1кг,Пластик; Бумага; Алюминий; Жесть; Стекло
Москва,"ул. Софьи Ковалевской, д. 4","55,425236","37,525154","4,5",Закроется в 22:00,Вкусвилл,100 бонусов за 1кг,Пластик; Бумага; Алюминий; Жесть; Стекло
Москва,Героев Панфиловцев 16к1,"55,438542","37,751242","4,6",Закроется в 22:00,Вкусвилл,100 бонусов за 1кг,Пластик; Бумага; Алюминий; Жесть; Стекло
Москва,"ул. Каховка, д. 19 к. 1","55,533129","37,525827","4,8",Закроется в 22:00,Вкусвилл,100 бонусов за 1кг,Пластик; Бумага; Алюминий; Жесть; Стекло
Москва,"ул. Большая Спасская, д. 8, стр. 1а","55,542961","37,710162","4,6",Закроется в 23:45,Вкусвилл,100 бонусов за 1кг,Пластик; Бумага; Алюминий; Жесть; Стекло
Москва,"Фестивальная ул., д.2А","55,555255","37,708742","4,5",Закроется в 22:00,Вкусвилл,100 бонусов за 1кг,Пластик; Бумага; Алюминий; Жесть; Стекло
Москва,"ул. Щепкина, д. 5, стр. 2","55,566807","37,576385","4,3",Закроется в 22:00,Вкусвилл,100 бонусов за 1кг,Пластик; Бумага; Алюминий; Жесть; Стекло
Москва,"ул. Восточная, д. 2, к. 1","55,567051","37,480921",,Закроется в 22:00,Вкусвилл,100 бонусов за 1кг,Пластик; Бумага; Алюминий; Жесть; Стекло
Москва,"Ленинский проспект, д. 99","55,567535","37,573717","4,9",Закроется в 23:30,Вкусвилл,100 бонусов за 1кг,Пластик; Бумага; Алюминий; Жесть; Стекло
Москва,"ул.Шоссейная, д.1/2, с. 2","55,568217","38,231194","4,7",Закроется в 23:00,Вкусвилл,100 бонусов за 1кг,Пластик; Бумага; Алюминий; Жесть; Стекло
Химки,Совхозная 9,"55,576467","38,207559","4,6",Закроется в 22:00,Вкусвилл,100 бонусов за 1кг,Пластик; Бумага; Алюминий; Жесть; Стекло
Москва,ул. Арбат 17,"55,589554","37,373069","4,6",Закроется в 22:00,Вкусвилл,100 бонусов за 1кг,Пластик; Бумага; Алюминий; Жесть; Стекло
Москва,"Мурановская, 7","55,59428","37,604286","4,7",Закроется в 22:00,Вкусвилл,100 бонусов за 1кг,Пластик; Бумага; Алюминий; Жесть; Стекло
Москва,"ул. Газопровод, д.1, корп. 6 А","55,595857","37,344664","4,8",Закроется в 22:00,Вкусвилл,100 бонусов за 1кг,Пластик; Бумага; Алюминий; Жесть; Стекло
Москва,"ул. Улофа Пальме, д. 1","55,600206","37,589599","4,9",Закроется в 23:00,Вкусвилл,100 бонусов за 1кг,Пластик; Бумага; Алюминий; Жесть; Стекло
Москва,"проспект Зеленый, д. 24г","55,600384","37,163393","4,6",Закроется в 23:00,Вкусвилл,100 бонусов за 1кг,Пластик; Бумага; Алюминий; Жесть; Стекло
Москва,"ул. Псковская, д. 9 к. 1","55,600389","37,598995","4,5",Закроется в 22:00,Вкусвилл,100 бонусов за 1кг,Пластик; Бумага; Алюминий; Жесть; Стекло
Москва,"Гурьевский проезд, 25к1","55,601305","37,664635","4,5",Закроется в 22:00,Вкусвилл,100 бонусов за 1кг,Пластик; Бумага; Алюминий; Жесть; Стекло
Москва,"г. Москва, 1-я Владимирская, 21","55,606822","37,589536","4,3",Закроется в 22:00,Вкусвилл,100 бонусов за 1кг,Пластик; Бумага; Алюминий; Жесть; Стекло
Москва,ул.Вешняковская д 29,"55,607956","37,754844","4,2",Закроется в 23:00,Вкусвилл,100 бонусов за 1кг,Пластик; Бумага; Алюминий; Жесть; Стекло
Москва,"пр. Лубянский, д. 27/1 стр. 1","55,621374","37,739447","4,5",Закроется в 23:45,Вкусвилл,100 бонусов за 1кг,Пластик; Бумага; Алюминий; Жесть; Стекло
Москва,"3-ий Крутицкий пер., д.13, с.2","55,621546","37,698223","4,4",Закроется в 22:00,Вкусвилл,100 бонусов за 1кг,Пластик; Бумага; Алюминий; Жесть; Стекло
Москва,Шоссе Энтузиастов д.12 к2,"55,624027","37,707143","4,3",Закроется в 22:00,Вкусвилл,100 бонусов за 1кг,Пластик; Бумага; Алюминий; Жесть; Стекло
Москва,"град Московский, ул. Радужная, д. 14, корп. 2","55,63194","37,48322","4,8",Закроется в 22:00,Вкусвилл,100 бонусов за 1кг,Пластик; Бумага; Алюминий; Жесть; Стекло
Москва,"ул. Тульская Малая, д. 2/1 к. 4","55,632952","37,67864","4,6",Закроется в 22:00,Вкусвилл,100 бонусов за 1кг,Пластик; Бумага; Алюминий; Жесть; Стекло
Москва,"ул. Гончарная, д. 38","55,636865","37,653812","4,4",Закроется в 23:45,Вкусвилл,100 бонусов за 1кг,Пластик; Бумага; Алюминий; Жесть; Стекло
Москва,"ул. Родионовская, д. 12","55,6369","37,656586","4,2",Закроется в 22:00,Вкусвилл,100 бонусов за 1кг,Пластик; Бумага; Алюминий; Жесть; Стекло
Москва,"Строгинский бульвар, д. 30","55,637718","37,757485","4,3",Закроется в 23:45,Вкусвилл,100 бонусов за 1кг,Пластик; Бумага; Алюминий; Жесть; Стекло
Москва,"ул. 1-я Квесисская, д. 18","55,638247","37,326896","4,7",Закроется в 22:00,Вкусвилл,100 бонусов за 1кг,Пластик; Бумага; Алюминий; Жесть; Стекло
Москва,"ул. 9-я Парковая, д. 59, корп. 2","55,639984","37,523088","4,5",Закроется в 23:00,Вкусвилл,100 бонусов за 1кг,Пластик; Бумага; Алюминий; Жесть; Стекло
Москва,"Кронштадтский бульвар, д. 3, стр. 12","55,640111","37,532951","4,6",Закроется в 22:00,Вкусвилл,100 бонусов за 1кг,Пластик; Бумага; Алюминий; Жесть; Стекло
Москва,Ленинградский проспект 54/1,"55,647925","37,604753","4,3",Закроется в 23:45,Вкусвилл,100 бонусов за 1кг,Пластик; Бумага; Алюминий; Жесть; Стекло
Москва,ул.Б.Бронная 17,"55,648946","37,661725","4,6",Закроется в 22:00,Вкусвилл,100 бонусов за 1кг,Пластик; Бумага; Алюминий; Жесть; Стекло
Москва,"проспект Мира, д. 116","55,653477","37,578406","4,6",Закроется в 22:00,Вкусвилл,100 бонусов за 1кг,Пластик; Бумага; Алюминий; Жесть; Стекло
Москва,ул. Митинская д.25,"55,65366","37,614365","4,5",Закроется в 22:00,Вкусвилл,100 бонусов за 1кг,Пластик; Бумага; Алюминий; Жесть; Стекло
Москва,"проезд Дежнева, дом 27 корпус 1","55,654599","37,757","4,7",Закроется в 22:00,Вкусвилл,100 бонусов за 1кг,Пластик; Бумага; Алюминий; Жесть; Стекло
Москва,"улица Симоновский Вал, 13с3","55,658043","37,203072","4,7",Закроется в 22:00,Вкусвилл,100 бонусов за 1кг,Пластик; Бумага; Алюминий; Жесть; Стекло
Москва,"Новопесчаная, 21к1","55,666228","37,570734","4,7",Закроется в 23:00,Вкусвилл,100 бонусов за 1кг,Пластик; Бумага; Алюминий; Жесть; Стекло
Химки,"ул.Калинина, д.7","55,666888","37,860612","4,4",Закроется в 22:00,Вкусвилл,100 бонусов за 1кг,Пластик; Бумага; Алюминий; Жесть; Стекло
Москва,"ул. Гурьянова, д. 3","55,667279","37,524678","4,5",Закроется в 22:00,Вкусвилл,100 бонусов за 1кг,Пластик; Бумага; Алюминий; Жесть; Стекло
Москва,"ул. Михайлова, д. 22 к. 1","55,668011","37,906839","4,8",Закроется в 22:00,Вкусвилл,100 бонусов за 1кг,Пластик; Бумага; Алюминий; Жесть; Стекло
Москва,"Осенний бульвар, д. 12, корп. 6","55,669493","37,609766","4,7",Закроется в 23:30,Вкусвилл,100 бонусов за 1кг,Пластик; Бумага; Алюминий; Жесть; Стекло
Москва,"ул.Перерва, д.41","55,670732","37,280956","4,6",Закроется в 23:00,Вкусвилл,100 бонусов за 1кг,Пластик; Бумага; Алюминий; Жесть; Стекло
Москва,"ул. Пречистенка, д. 24/1","55,672778","37,45831","4,8",Закроется в 22:00,Вкусвилл,100 бонусов за 1кг,Пластик; Бумага; Алюминий; Жесть; Стекло
Москва,ул. Домодедовская 44,"55,674575","37,760225","4,8",Закроется в 22:00,Вкусвилл,100 бонусов за 1кг,Пластик; Бумага; Алюминий; Жесть; Стекло
Москва,"Филёвский б-р, д. 12 стр. 2","55,67523","37,545923","4,9",Закроется в 22:00,Вкусвилл,100 бонусов за 1кг,Пластик; Бумага; Алюминий; Жесть; Стекло
п. Октябрьский,"ул. Ленина, д. 25","55,6754609364541","37,4692362421203",5,Закроется в 22:00,Вкусвилл,100 бонусов за 1кг,Пластик; Бумага; Алюминий; Жесть; Стекло
Реутов,Юбилейный пр-т 47,"55,675514","37,597288","4,7",Закроется в 22:00,Вкусвилл,100 бонусов за 1кг,Пластик; Бумага; Алюминий; Жесть; Стекло
Москва,"ул.Малыгина, д.5 корп.1","55,679428","37,533885","4,3",Закроется в 22:00,Вкусвилл,100 бонусов за 1кг,Пластик; Бумага; Алюминий; Жесть; Стекло
Москва,"ул. Плеханова, д. 24 к. 1","55,680118","37,451564","4,8",Закроется в 22:00,Вкусвилл,100 бонусов за 1кг,Пластик; Бумага; Алюминий; Жесть; Стекло
Москва,"ул. Производственная, д. 2","55,680742","37,514563","4,6",Закроется в 22:00,Вкусвилл,100 бонусов за 1кг,Пластик; Бумага; Алюминий; Жесть; Стекло
Москва,"ул. Декабристов, д. 15, стр. 2","55,68495","37,687515","4,8",Закроется в 22:00,Вкусвилл,100 бонусов за 1кг,Пластик; Бумага; Алюминий; Жесть; Стекло
Москва,"ул. Солдатская, д. 8, к. 1","55,68735","37,533742","4,6",Закроется в 23:00,Вкусвилл,100 бонусов за 1кг,Пластик; Бумага; Алюминий; Жесть; Стекло
Москва,Строгинский бул.1,"55,687949","37,301536","4,5",Закроется в 22:00,Вкусвилл,100 бонусов за 1кг,Пластик; Бумага; Алюминий; Жесть; Стекло
Москва,"ул. Кировоградская, д. 18, к. 3","55,688553","37,394125","4,7",Закроется в 22:00,Вкусвилл,100 бонусов за 1кг,Пластик; Бумага; Алюминий; Жесть; Стекло
Москва,"ул. Нижняя Красносельская, д. 35 стр. 48","55,691684","37,722612","4,8",Закроется в 22:00,Вкусвилл,100 бонусов за 1кг,Пластик; Бумага; Алюминий; Жесть; Стекло
Москва,Дегунинская 17,"55,693992","37,554457","4,9",Закроется в 22:00,Вкусвилл,100 бонусов за 1кг,Пластик; Бумага; Алюминий; Жесть; Стекло
Красногорск,"ул. Народного Ополчения, д. 2А","55,700182","37,810836","4,7",Закроется в 22:00,Вкусвилл,100 бонусов за 1кг,Пластик; Бумага; Алюминий; Жесть; Стекло
Москва,"г. Москва, Енисейская, 22 корп.2","55,704473","37,514922","4,5",Закроется в 23:00,Вкусвилл,100 бонусов за 1кг,Пластик; Бумага; Алюминий; Жесть; Стекло
Звенигород,"ул. Маяковского, д. 1","55,704823","37,497495","4,8",Закроется в 22:00,Вкусвилл,100 бонусов за 1кг,Пластик; Бумага; Алюминий; Жесть; Стекло
Москва,"ул. Новочеремушкинская, д. 44 стр. 1","55,705402","37,656424","4,3",Закроется в 22:00,Вкусвилл,100 бонусов за 1кг,Пластик; Бумага; Алюминий; Жесть; Стекло
Москва,"ул. Зои и Александра Космодемьянских, д. 35/1","55,70561","37,61565","4,6",Закроется в 22:00,Вкусвилл,100 бонусов за 1кг,Пластик; Бумага; Алюминий; Жесть; Стекло
Москва,"ул. Екатерины Будановой, д. 5","55,712578","37,816486","4,4",Закроется в 23:00,Вкусвилл,100 бонусов за 1кг,Пластик; Бумага; Алюминий; Жесть; Стекло
Москва,"ул. Новокосинская ,47","55,713121","37,454223","4,8",Закроется в 22:00,Вкусвилл,100 бонусов за 1кг,Пластик; Бумага; Алюминий; Жесть; Стекло
Москва,ул. Яблочкова дом 37,"55,713953","37,790965","4,6",Закроется в 22:00,Вкусвилл,100 бонусов за 1кг,Пластик; Бумага; Алюминий; Жесть; Стекло
Москва,"г. Москва, Чертановская, 48к3","55,714151","37,521066","4,5",Закроется в 22:00,Вкусвилл,100 бонусов за 1кг,Пластик; Бумага; Алюминий; Жесть; Стекло
Москва,"бульвар Дмитрия Донского, д. 8, корп. 1","55,714648","37,883572","4,9",Закроется в 22:00,Вкусвилл,100 бонусов за 1кг,Пластик; Бумага; Алюминий; Жесть; Стекло
Москва,"ул.Полярная, д.10 стр 1","55,7202491760254","37,4213638305664","4,5",Закроется в 22:00,Вкусвилл,100 бонусов за 1кг,Пластик; Бумага; Алюминий; Жесть; Стекло
Москва,"ул. Чусовская, д. 15","55,721544","37,609568","4,7",Закроется в 23:00,Вкусвилл,100 бонусов за 1кг,Пластик; Бумага; Алюминий; Жесть; Стекло
Москва,"б-р Сиреневый, д. 44","55,721569","37,626978","4,4",Закроется в 22:00,Вкусвилл,100 бонусов за 1кг,Пластик; Бумага; Алюминий; Жесть; Стекло
Москва,"Пролетарский проспект, д. 14/49, корп. 2","55,723354","37,664393","4,7",Закроется в 22:00,Вкусвилл,100 бонусов за 1кг,Пластик; Бумага; Алюминий; Жесть; Стекло
Москва,ул.Первомайская д 87,"55,724429","37,563817","4,5",Закроется в 23:00,Вкусвилл,100 бонусов за 1кг,Пластик; Бумага; Алюминий; Жесть; Стекло
Москва,"ул. Первомайская, д. 74","55,724738","37,60637","4,6",Закроется в 23:00,Вкусвилл,100 бонусов за 1кг,Пластик; Бумага; Алюминий; Жесть; Стекло
Москва,"ул. Живописная, д. 12 к. 1","55,726482","37,769325","4,6",Закроется в 22:00,Вкусвилл,100 бонусов за 1кг,Пластик; Бумага; Алюминий; Жесть; Стекло
Москва,"ул. Бориса Галушкина, д. 16","55,729432","37,587084","4,3",Закроется в 22:00,Вкусвилл,100 бонусов за 1кг,Пластик; Бумага; Алюминий; Жесть; Стекло
Москва,"пр-т Пролетарский, д. 29","55,73036","37,57925","4,6",Закроется в 22:00,Вкусвилл,100 бонусов за 1кг,Пластик; Бумага; Алюминий; Жесть; Стекло
Москва,"Ленинский проспект, дом 62/1","55,730958","37,664887","4,5",Закроется в 22:00,Вкусвилл,100 бонусов за 1кг,Пластик; Бумага; Алюминий; Жесть; Стекло
Москва,"ул. Профсоюзная, д. 104","55,73552","37,475576","4,3",Закроется в 22:00,Вкусвилл,100 бонусов за 1кг,Пластик; Бумага; Алюминий; Жесть; Стекло
Москва,"б-р Симферопольский, д. 22, к. 1","55,736306","37,590497","4,7",Закроется в 22:00,Вкусвилл,100 бонусов за 1кг,Пластик; Бумага; Алюминий; Жесть; Стекло
Москва,"ул. Автозаводская, д. 13/1","55,740061","36,861676","4,3",Закроется в 22:00,Вкусвилл,100 бонусов за 1кг,Пластик; Бумага; Алюминий; Жесть; Стекло
Москва,"проспект Андропова, дом 8","55,740849","37,6512","4,5",Закроется в 22:00,Вкусвилл,100 бонусов за 1кг,Пластик; Бумага; Алюминий; Жесть; Стекло
Москва,"ул. Саморы Машела, д. 2А","55,743928","37,874464","4,7",Закроется в 22:00,Вкусвилл,100 бонусов за 1кг,Пластик; Бумага; Алюминий; Жесть; Стекло
Москва,"п.Внуковское,ул.Самуила Маршака, д.16","55,744526","37,545267","4,3",Закроется в 23:00,Вкусвилл,100 бонусов за 1кг,Пластик; Бумага; Алюминий; Жесть; Стекло
Егорьевск,"2-й микрорайон, д. 9","55,745797","37,513107","4,2",Закроется в 22:00,Вкусвилл,100 бонусов за 1кг,Пластик; Бумага; Алюминий; Жесть; Стекло
Москва,"ул. Рождественская, д. 16","55,746507","37,581244","4,6",Закроется в 22:00,Вкусвилл,100 бонусов за 1кг,Пластик; Бумага; Алюминий; Жесть; Стекло
Москва,"ул. Беловежская,д.1к.2","55,751193","37,789447","4,8",Закроется в 23:00,Вкусвилл,100 бонусов за 1кг,Пластик; Бумага; Алюминий; Жесть; Стекло
Домодедово,"Привокзальная площадь, д. 7","55,751888","37,859237","4,9",Закроется в 21:00,Вкусвилл,100 бонусов за 1кг,Пластик; Бумага; Алюминий; Жесть; Стекло
Москва,"ул. 2-ая Вольская, д. 1 к. 1","55,752561","37,876404","4,6",Закроется в 22:00,Вкусвилл,100 бонусов за 1кг,Пластик; Бумага; Алюминий; Жесть; Стекло
Москва,"улица Маршала Захарова, 2","55,752784","37,819307","4,5",Закроется в 22:00,Вкусвилл,100 бонусов за 1кг,Пластик; Бумага; Алюминий; Жесть; Стекло
Москва,"пр-т Рязанский, д. 99 А","55,754177","37,606505","4,5",Закроется в 22:00,Вкусвилл,100 бонусов за 1кг,Пластик; Бумага; Алюминий; Жесть; Стекло
Котельники,"ул. Кузьминская, д. 17","55,754198","37,598645","4,7",Закроется в 22:00,Вкусвилл,100 бонусов за 1кг,Пластик; Бумага; Алюминий; Жесть; Стекло
Москва,"ул. Большая Очаковская, д. 32","55,754223","37,635125","4,7",Закроется в 22:00,Вкусвилл,100 бонусов за 1кг,Пластик; Бумага; Алюминий; Жесть; Стекло
Москва,"Проспект Мира, 95с1","55,754253","37,715318","4,7",Закроется в 23:45,Вкусвилл,100 бонусов за 1кг,Пластик; Бумага; Алюминий; Жесть; Стекло
Москва,"ул. Нагорная, д.21, к.1","55,756118","37,777068","4,3",Закроется в 22:00,Вкусвилл,100 бонусов за 1кг,Пластик; Бумага; Алюминий; Жесть; Стекло
Москва,"ул. Михалковская, д. 4","55,756786","37,804997","4,5",Закроется в 22:00,Вкусвилл,100 бонусов за 1кг,Пластик; Бумага; Алюминий; Жесть; Стекло
Москва,"Шипиловская, 52","55,757769","37,406864","4,8",Закроется в 23:00,Вкусвилл,100 бонусов за 1кг,Пластик; Бумага; Алюминий; Жесть; Стекло
Москва,"пр. Чечерский, д. 64 к. 1","55,758336","38,080187","4,7",Закроется в 22:00,Вкусвилл,100 бонусов за 1кг,Пластик; Бумага; Алюминий; Жесть; Стекло
Москва,"Ломоносовский пр-т, д.29, корп.3","55,758341","37,413949","4,9",Закроется в 22:00,Вкусвилл,100 бонусов за 1кг,Пластик; Бумага; Алюминий; Жесть; Стекло
Москва,"Мячковский бул., д. 13","55,761345","37,408301","4,4",Закроется в 22:00,Вкусвилл,100 бонусов за 1кг,Пластик; Бумага; Алюминий; Жесть; Стекло
Москва,"пр. Багратионовский, д. 1А","55,762515","37,833096","4,8",Закроется в 22:00,Вкусвилл,100 бонусов за 1кг,Пластик; Бумага; Алюминий; Жесть; Стекло
Москва,ул.Святоозерская 1А,"55,764465","37,701978","4,5",Закроется в 22:00,Вкусвилл,100 бонусов за 1кг,Пластик; Бумага; Алюминий; Жесть; Стекло
Красногорск,"ул. Ленина, д. 26а","55,767094","37,826727","4,8",Закроется в 22:00,Вкусвилл,100 бонусов за 1кг,Пластик; Бумага; Алюминий; Жесть; Стекло
Москва,"Сиреневый бул., д. 28","55,771266","37,597998","4,7",Закроется в 22:00,Вкусвилл,100 бонусов за 1кг,Пластик; Бумага; Алюминий; Жесть; Стекло
Химки,"Ленинский проспект, 1к2","55,772193","37,489571","4,1",Закроется в 22:00,Вкусвилл,100 бонусов за 1кг,Пластик; Бумага; Алюминий; Жесть; Стекло
Москва,"ул. Соловьиная Роща, д. 11","55,772861","37,710287","4,8",Закроется в 22:00,Вкусвилл,100 бонусов за 1кг,Пластик; Бумага; Алюминий; Жесть; Стекло
Москва,"ул. Маршала Катукова, д. 25","55,777748","37,464257","4,2",Закроется в 22:00,Вкусвилл,100 бонусов за 1кг,Пластик; Бумага; Алюминий; Жесть; Стекло
Москва,ул.Туристская 13 корп.2,"55,778056","37,526483","4,6",Закроется в 22:00,Вкусвилл,100 бонусов за 1кг,Пластик; Бумага; Алюминий; Жесть; Стекло
Москва,"Ленинский проспект, д. 37а","55,77918","37,517159","4,5",Закроется в 23:30,Вкусвилл,100 бонусов за 1кг,Пластик; Бумага; Алюминий; Жесть; Стекло
Москва,"Академика Анохина, 38к1","55,77952","37,665569","4,7",Закроется в 22:00,Вкусвилл,100 бонусов за 1кг,Пластик; Бумага; Алюминий; Жесть; Стекло
Москва,"Оружейный пер., д. 5","55,784435","37,45707","4,7",Закроется в 23:00,Вкусвилл,100 бонусов за 1кг,Пластик; Бумага; Алюминий; Жесть; Стекло
Москва,"г. Москва, Пивченкова, 7","55,790464","37,530409","4,6",Закроется в 22:00,Вкусвилл,100 бонусов за 1кг,Пластик; Бумага; Алюминий; Жесть; Стекло
Москва,"ул. Героев-Панфиловцев, д. 8, к. 1","55,792539","37,783752","4,7",Закроется в 22:00,Вкусвилл,100 бонусов за 1кг,Пластик; Бумага; Алюминий; Жесть; Стекло
Москва,"пер. Большой Кисловский, д. 4, стр. 1","55,792989","37,800703","4,7",Закроется в 22:00,Вкусвилл,100 бонусов за 1кг,Пластик; Бумага; Алюминий; Жесть; Стекло
Москва,Бутырская 95,"55,793551","37,803991","4,6",Закроется в 23:45,Вкусвилл,100 бонусов за 1кг,Пластик; Бумага; Алюминий; Жесть; Стекло
Москва,"ул. Петрозаводская, д. 24А, стр. 1","55,793586","37,972515","4,6",Закроется в 23:45,Вкусвилл,100 бонусов за 1кг,Пластик; Бумага; Алюминий; Жесть; Стекло
Москва,"ул. Ключевая, д. 6 к. 1","55,794593","37,492051","4,7",Закроется в 22:00,Вкусвилл,100 бонусов за 1кг,Пластик; Бумага; Алюминий; Жесть; Стекло
Москва,"ул. Лихоборские бугры, д.6","55,795702","37,560134","4,8",Закроется в 22:00,Вкусвилл,100 бонусов за 1кг,Пластик; Бумага; Алюминий; Жесть; Стекло
Москва,ул. Абрамцевская 3,"55,796324","37,4887","4,5",Закроется в 22:00,Вкусвилл,100 бонусов за 1кг,Пластик; Бумага; Алюминий; Жесть; Стекло
Москва,"Первомайская, 34/16","55,796359","37,710413","4,5",Закроется в 23:00,Вкусвилл,100 бонусов за 1кг,Пластик; Бумага; Алюминий; Жесть; Стекло
Красногорск,Подмосковный бульвар 1,"55,797883","37,539509","4,7",Закроется в 22:00,Вкусвилл,100 бонусов за 1кг,Пластик; Бумага; Алюминий; Жесть; Стекло
Москва,"г. Москва, Оболенский пер., д.9, корп.1","55,80217","37,406464","4,5",Закроется в 22:00,Вкусвилл,100 бонусов за 1кг,Пластик; Бумага; Алюминий; Жесть; Стекло
Москва,"ул. Отрадная, д. 16","55,802427","37,800326","4,7",Закроется в 22:00,Вкусвилл,100 бонусов за 1кг,Пластик; Бумага; Алюминий; Жесть; Стекло
Мытищи,"ул. 2-я Институтская, д. 24","55,802583","37,815471","4,7",Закроется в 22:00,Вкусвилл,100 бонусов за 1кг,Пластик; Бумага; Алюминий; Жесть; Стекло
Москва,"пр. Лазоревый, д. 1А, к. 3","55,805498","37,414526","4,6",Закроется в 23:45,Вкусвилл,100 бонусов за 1кг,Пластик; Бумага; Алюминий; Жесть; Стекло
Москва,ул. Мневники 9,"55,806044","37,395455","4,8",Закроется в 22:00,Вкусвилл,100 бонусов за 1кг,Пластик; Бумага; Алюминий; Жесть; Стекло
Москва,Митинская 51,"55,80694","37,516925","4,6",Закроется в 22:00,Вкусвилл,100 бонусов за 1кг,Пластик; Бумага; Алюминий; Жесть; Стекло
Красногорск,"г.Красногорск, ул.Знаменская, д.12","55,808002","37,635853","4,6",Закроется в 22:00,Вкусвилл,100 бонусов за 1кг,Пластик; Бумага; Алюминий; Жесть; Стекло
Москва,"ул. Судостроительная, д. 41","55,810966","37,403863","4,5",Закроется в 22:00,Вкусвилл,100 бонусов за 1кг,Пластик; Бумага; Алюминий; Жесть; Стекло
Люберцы,"ул. Урицкого, д. 14","55,815241","37,352884","4,7",Закроется в 22:00,Вкусвилл,100 бонусов за 1кг,Пластик; Бумага; Алюминий; Жесть; Стекло
Москва,"ул. Лавочкина, д. 34","55,816283","37,81106","4,4",Закроется в 23:00,Вкусвилл,100 бонусов за 1кг,Пластик; Бумага; Алюминий; Жесть; Стекло
Москва,"бульвар Яна Райниса, д. 2, корп. 1","55,818043","37,509298","4,6",Закроется в 23:45,Вкусвилл,100 бонусов за 1кг,Пластик; Бумага; Алюминий; Жесть; Стекло
Мытищи,ул. Веры Волошиной 10,"55,819697","37,364301","4,7",Закроется в 23:45,Вкусвилл,100 бонусов за 1кг,Пластик; Бумага; Алюминий; Жесть; Стекло
Москва,"ул. Мартеновская, д. 9/13","55,822301","37,514796","4,8",Закроется в 22:00,Вкусвилл,100 бонусов за 1кг,Пластик; Бумага; Алюминий; Жесть; Стекло
Москва,"пр-т Олимпийская деревня Мичуринский, д. 19, стр. 1","55,823115","37,65585","4,6",Закроется в 22:00,Вкусвилл,100 бонусов за 1кг,Пластик; Бумага; Алюминий; Жесть; Стекло
Москва,"ул. Криворожская, д. 27","55,82533","37,52646","4,7",Закроется в 23:45,Вкусвилл,100 бонусов за 1кг,Пластик; Бумага; Алюминий; Жесть; Стекло
Москва,Каширское шоссе 40к2,"55,826883","37,578819","4,4",Закроется в 22:00,Вкусвилл,100 бонусов за 1кг,Пластик; Бумага; Алюминий; Жесть; Стекло
Москва,"ш. Аминьевское, д. 14, к. 1","55,831671","37,30168","4,6",Закроется в 22:00,Вкусвилл,100 бонусов за 1кг,Пластик; Бумага; Алюминий; Жесть; Стекло
Москва,Свободы 34,"55,835801","37,298356","4,6",Закроется в 22:00,Вкусвилл,100 бонусов за 1кг,Пластик; Бумага; Алюминий; Жесть; Стекло
Химки,"ул. Бабакина, д. 9","55,835816","37,316511","4,6",Закроется в 22:00,Вкусвилл,100 бонусов за 1кг,Пластик; Бумага; Алюминий; Жесть; Стекло
Москва,"ул. Миклухо-Маклая, д. 36а","55,837404","37,538125","4,1",Закроется в 22:00,Вкусвилл,100 бонусов за 1кг,Пластик; Бумага; Алюминий; Жесть; Стекло
Москва,"Ореховый б-р, д. 12, к. 1","55,841367","37,181728","4,7",Закроется в 22:00,Вкусвилл,100 бонусов за 1кг,Пластик; Бумага; Алюминий; Жесть; Стекло
Москва,"пр-т Свободный, д. 33","55,842433","37,548249","4,6",Закроется в 23:00,Вкусвилл,100 бонусов за 1кг,Пластик; Бумага; Алюминий; Жесть; Стекло
Москва,"ул. Сходненская, д. 25","55,847376","37,489715","4,4",Закроется в 22:00,Вкусвилл,100 бонусов за 1кг,Пластик; Бумага; Алюминий; Жесть; Стекло
Москва,"Ходынский бульвар, д.4","55,847796","37,360052","4,4",Закроется в 23:00,Вкусвилл,100 бонусов за 1кг,Пластик; Бумага; Алюминий; Жесть; Стекло
Москва,"ул. Шаболовка, д. 20","55,85105","37,434514","4,3",Закроется в 22:00,Вкусвилл,100 бонусов за 1кг,Пластик; Бумага; Алюминий; Жесть; Стекло
Москва,"Верхняя Красносельская, 38/19с1","55,854032","37,475854","4,4",Закроется в 23:45,Вкусвилл,100 бонусов за 1кг,Пластик; Бумага; Алюминий; Жесть; Стекло
Москва,"просп. Вернадского, д.33","55,854835","37,439275","4,3",Закроется в 22:00,Вкусвилл,100 бонусов за 1кг,Пластик; Бумага; Алюминий; Жесть; Стекло
Москва,ул. Ташкентская 25 к 1,"55,85883","37,4238","4,8",Закроется в 23:00,Вкусвилл,100 бонусов за 1кг,Пластик; Бумага; Алюминий; Жесть; Стекло
Красногорск,"г. Красногорск, ул. Ленина, д. 55","55,865475","37,60284","4,7",Закроется в 22:00,Вкусвилл,100 бонусов за 1кг,Пластик; Бумага; Алюминий; Жесть; Стекло
Москва,"ул. Академика Арцимовича, д. 13","55,867147","37,530885","4,6",Закроется в 22:00,Вкусвилл,100 бонусов за 1кг,Пластик; Бумага; Алюминий; Жесть; Стекло
Москва,"ул. Академика Виноградова, д. 1","55,867647","37,49347","4,7",Закроется в 23:00,Вкусвилл,100 бонусов за 1кг,Пластик; Бумага; Алюминий; Жесть; Стекло
Москва,"г. Москва, Садовая-Спасская, 21/1","55,868791","37,665215","4,3",Закроется в 23:45,Вкусвилл,100 бонусов за 1кг,Пластик; Бумага; Алюминий; Жесть; Стекло
Москва,"проспект Вернадского, д. 39","55,870193","37,633805","4,8",Закроется в 22:00,Вкусвилл,100 бонусов за 1кг,Пластик; Бумага; Алюминий; Жесть; Стекло
Москва,"ул. Кировоградская, д. 12, к. 2","55,874561","37,63827","4,6",Закроется в 22:00,Вкусвилл,100 бонусов за 1кг,Пластик; Бумага; Алюминий; Жесть; Стекло
Москва,"ул. Цюрупы, д. 13","55,879556","37,533697","4,9",Закроется в 22:00,Вкусвилл,100 бонусов за 1кг,Пластик; Бумага; Алюминий; Жесть; Стекло
Москва,"б-р Измайловский, д. 31","55,883707","38,780819",,,Вкусвилл,100 бонусов за 1кг,Пластик; Бумага; Алюминий; Жесть; Стекло
Москва,"ул. Широкая, д. 12","55,884833","37,603753","4,8",Закроется в 23:45,Вкусвилл,100 бонусов за 1кг,Пластик; Бумага; Алюминий; Жесть; Стекло
Москва,"ул. Долгоруковская, д. 39/6","55,886515","37,659104","4,5",Закроется в 23:00,Вкусвилл,100 бонусов за 1кг,Пластик; Бумага; Алюминий; Жесть; Стекло
Москва,Краснобогатырская 29,"55,886519","37,446937","4,8",Закроется в 22:00,Вкусвилл,100 бонусов за 1кг,Пластик; Бумага; Алюминий; Жесть; Стекло
Москва,ул. Нагорная 30к1,"55,892183","37,597369","4,7",Закроется в 22:00,Вкусвилл,100 бонусов за 1кг,Пластик; Бумага; Алюминий; Жесть; Стекло
Москва,Талдомская 15,"55,893415","37,450072","4,8",Закроется в 22:00,Вкусвилл,100 бонусов за 1кг,Пластик; Бумага; Алюминий; Жесть; Стекло
Балашиха,"ул. Кольцевая, д. 20","55,893854","37,389607","4,7",Закроется в 22:00,Вкусвилл,100 бонусов за 1кг,Пластик; Бумага; Алюминий; Жесть; Стекло
Москва,пр-т Маршала Жукова 52,"55,894879","37,573052","4,3",Закроется в 22:00,Вкусвилл,100 бонусов за 1кг,Пластик; Бумага; Алюминий; Жесть; Стекло
Москва,"ул. Пресненский Вал, д.5","55,895762","37,45266","4,7",Закроется в 22:00,Вкусвилл,100 бонусов за 1кг,Пластик; Бумага; Алюминий; Жесть; Стекло
Москва,"Можайское шоссе, д. 28","55,900905","38,061861","4,7",Закроется в 23:30,Вкусвилл,100 бонусов за 1кг,Пластик; Бумага; Алюминий; Жесть; Стекло
Москва,"ул. Гиляровского, д. 40","55,9038543701172","37,3847122192383","4,7",Закроется в 22:00,Вкусвилл,100 бонусов за 1кг,Пластик; Бумага; Алюминий; Жесть; Стекло
Москва,"Духовской пер, д. 14","55,905856","37,551995","4,5",Закроется в 22:00,Вкусвилл,100 бонусов за 1кг,Пластик; Бумага; Алюминий; Жесть; Стекло
Москва,"ул. Пришвина, д. 26","55,910644","37,867708","4,6",Закроется в 23:00,Вкусвилл,100 бонусов за 1кг,Пластик; Бумага; Алюминий; Жесть; Стекло
Москва,"ул. Новокузьминская 1-я, д. 18","55,923932","37,755805","4,4",Закроется в 23:00,Вкусвилл,100 бонусов за 1кг,Пластик; Бумага; Алюминий; Жесть; Стекло
Москва,Митинская 40,"55,926877","37,857342","4,3",Закроется в 22:00,Вкусвилл,100 бонусов за 1кг,Пластик; Бумага; Алюминий; Жесть; Стекло
Москва,"Осенний бульвар, д.18","55,931608","37,49806","4,6",Закроется в 22:00,Вкусвилл,100 бонусов за 1кг,Пластик; Бумага; Алюминий; Жесть; Стекло
Москва,"ул. Бахрушина, д. 28","55,939615","37,517213","3,9",Закроется в 22:00,Вкусвилл,100 бонусов за 1кг,Пластик; Бумага; Алюминий; Жесть; Стекло
Москва,"ул. Медиков, д. 20","55,941949","37,34682","4,7",Закроется в 22:00,Вкусвилл,100 бонусов за 1кг,Пластик; Бумага; Алюминий; Жесть; Стекло
Москва,"Ленинградский проспект, д. 74а","55,952742","38,053875","4,4",Закроется в 23:45,Вкусвилл,100 бонусов за 1кг,Пластик; Бумага; Алюминий; Жесть; Стекло
Москва,"ул. Миклухо-Маклая, д. 33","55,97873","37,743094","4,8",Закроется в 23:59,Вкусвилл,100 бонусов за 1кг,Пластик; Бумага; Алюминий; Жесть; Стекло
Реутов,"ул. Октября, вл. 10","55,988122","37,232393","4,7",Закроется в 22:00,Вкусвилл,100 бонусов за 1кг,Пластик; Бумага; Алюминий; Жесть; Стекло
Москва,"бульвар Дмитрия Донского, д. 11","55,996213","37,216942","4,8",Закроется в 23:45,Вкусвилл,100 бонусов за 1кг,Пластик; Бумага; Алюминий; Жесть; Стекло
Москва,"Кутузовский пр-т, 24","56,008319","37,449659","4,6",Закроется в 22:00,Вкусвилл,100 бонусов за 1кг,Пластик; Бумага; Алюминий; Жесть; Стекло
Москва,"ул. Кировоградская, д. 23 А","56,329178","38,144865","4,5",Закроется в 22:00,Вкусвилл,100 бонусов за 1кг,Пластик; Бумага; Алюминий; Жесть; Стекло
Москва,Хорошевское ш.68,"56,333265","36,731321","4,6",Закроется в 23:45,Вкусвилл,100 бонусов за 1кг,Пластик; Бумага; Алюминий; Жесть; Стекло
Санкт-Петербург,"ул. Кораблестроителей, д. 44, к. 1","59,957012","30,228974","4,6",Спешим открыться 6 декабря!,Вкусвилл,50 бонусов за 1кг,Пластик; Бумага; Алюминий; Жесть; Стекло
Белгород,"ул. Попова, д. 25","50,601549","36,589819","4,7",Закроется в 22:00,Вкусвилл,50 бонусов за 1кг,Пластик; Бумага; Алюминий; Жесть; Стекло
Брянск,"ул. Авиационная, д. 28","53,260166","34,326307","4,8",Закроется в 22:00,Вкусвилл,50 бонусов за 1кг,Пластик; Бумага; Алюминий; Жесть; Стекло
Владимир,"ул. Большая Московская, д. 40","44,492649","40,404317",,Закроется в 22:00,Вкусвилл,50 бонусов за 1кг,Пластик; Бумага; Алюминий; Жесть; Стекло
Волгоград,"ул. Рабоче-Крестьянская, д. 31","48,692392","44,492649","4,9",Спешим открыться 10 октября!,Вкусвилл,50 бонусов за 1кг,Пластик; Бумага; Алюминий; Жесть; Стекло
Вологда,"ул. Мира, д. 11","59,22045","39,888621",        ,Закроется в 22:00,Вкусвилл,50 бонусов за 1кг,Пластик; Бумага; Алюминий; Жесть; Стекло
Воронеж,"ул. Кирова, д. 26","51,656635","39,188429","4,4",Спешим открыться 16 октября!,Вкусвилл,50 бонусов за 1кг,Пластик; Бумага; Алюминий; Жесть; Стекло
Иваново,"пр-т Ленина, д. 9","56,996995","40,975969","4,9",Закроется в 22:00,Вкусвилл,50 бонусов за 1кг,Пластик; Бумага; Алюминий; Жесть; Стекло
Казань,"ул. Чистопольская, д. 16/15Закроется в 22:00","55,818569","49,109675","4,9",,Вкусвилл,50 бонусов за 1кг,Пластик; Бумага; Алюминий; Жесть; Стекло
Калуга,"ул. Кирова, д. 1","54,516067","36,246689",        ,Закроется в 22:00,Вкусвилл,50 бонусов за 1кг,Пластик; Бумага; Алюминий; Жесть; Стекло
Кострома,"ул. Магистральная, д. 20","57,741992","40,91792",,Спешим открыться в начале октября!,Вкусвилл,50 бонусов за 1кг,Пластик; Бумага; Алюминий; Жесть; Стекло
Курск,"ул. Ленина, д. 94","51,747176","36,193931",        ,Закроется в 22:00,Вкусвилл,50 бонусов за 1кг,Пластик; Бумага; Алюминий; Жесть; Стекло
Липецк,"ул. П.И.Смородина, д. 13, стр. А","52,588658","39,535422",,Спешим открыться этой осенью!!,Вкусвилл,50 бонусов за 1кг,Пластик; Бумага; Алюминий; Жесть; Стекло
Нижний Новгород,"ул. Первоцветная, д. 2","56,264522","44,020719",,Закроется в 22:00,Вкусвилл,50 бонусов за 1кг,Пластик; Бумага; Алюминий; Жесть; Стекло
Ростов-на-Дону,"ул. Пушкинская, д. 197","47,229317","39,73262","4,7",Спешим открыться 17 октября!,Вкусвилл,50 бонусов за 1кг,Пластик; Бумага; Алюминий; Жесть; Стекло
Рязань,"пл. Театральная, д. 1","54,622085","39,757539","4,7",Закроется в 22:00,Вкусвилл,50 бонусов за 1кг,Пластик; Бумага; Алюминий; Жесть; Стекло
Смоленск,"ул. Николаева, д. 23","54,772426","32,03598","4,7",Закроется в 23:00,Вкусвилл,50 бонусов за 1кг,Пластик; Бумага; Алюминий; Жесть; Стекло
Тамбов,"ул. Советская, д. 161","52,73813","41,452337",,Закроется в 22:00,Вкусвилл,50 бонусов за 1кг,Пластик; Бумага; Алюминий; Жесть; Стекло
Тверь,"пл. Гагарина, д. 5","56,846711","35,944424","4,8",Спешим открыться 1 декабря!,Вкусвилл,50 бонусов за 1кг,Пластик; Бумага; Алюминий; Жесть; Стекло
Тула,"пр-т Красноармейский, д. 11/3","54,1966276910072","37,6021339312132","4,8",Закроется в 22:00,Вкусвилл,50 бонусов за 1кг,Пластик; Бумага; Алюминий; Жесть; Стекло
Ульяновск,"ул. Карла Макса, д. 13А, к. 3","54,319769","48,395945",,Закроется в 22:00,Вкусвилл,50 бонусов за 1кг,Пластик; Бумага; Алюминий; Жесть; Стекло
Чебоксары,"пр-т Максима Горького, д. 12","56,149717","47,194943",,Спешим открыться 1 ноября!,Вкусвилл,50 бонусов за 1кг,Пластик; Бумага; Алюминий; Жесть; Стекло
Ярославль,"г. Переславль-Залесский , Ростовская ул, д. 1","56,739016","38,85572",,1 ноября откроем первый ВкусВилл в Переславле-Залесском,Вкусвилл,50 бонусов за 1кг,Пластик; Бумага; Алюминий; Жесть; Стекло
